,Media Source,Date,Text,Compound,Positive,Neutral,Negative,Tweet Count
0,@BBC,Wed Sep 26 19:07:05 +0000 2018,"üì¨Do not post crisp packets to Walkers, says Royal Mail ‚û°Ô∏è

https://t.co/3JbgtRfiBQ https://t.co/VWRXGKC9nJ",0.0,0.0,1.0,0.0,1
1,@BBC,Wed Sep 26 16:02:05 +0000 2018,"Did the Duchess of Sussex break protocol when she closed her car door? 

https://t.co/o2n2k0msfU https://t.co/qYmnjcI0ZM",0.0,0.0,1.0,0.0,2
2,@BBC,Wed Sep 26 15:03:05 +0000 2018,"This puffer fish creates something absolutely breathtaking. üê°üò≤ #LifeStory 

https://t.co/mxU7VERaCI",0.659,0.403,0.597,0.0,3
3,@BBC,Wed Sep 26 14:04:00 +0000 2018,"RT @bbcweather: From today, night is longer than day. üåÉ/‚òÄ and the darkness is increasing at a rate of 4/5mins a day. Jo #Autumn https://t.c‚Ä¶",-0.25,0.0,0.917,0.083,4
4,@BBC,Wed Sep 26 14:03:03 +0000 2018,"Archaeologists have found a 400-year-old shipwreck off the coast of Portugal, in what one specialist called the ""di‚Ä¶ https://t.co/YP9fuo5Iz7",0.0,0.0,1.0,0.0,5
5,@BBC,Wed Sep 26 13:04:06 +0000 2018,"Another grand slam for @Andy_Murray üò¨

The tennis star took to Instagram to share the awkward moment he dropped a c‚Ä¶ https://t.co/fXEFv5P9Nz",0.25,0.205,0.63,0.165,6
6,@BBC,Wed Sep 26 12:32:03 +0000 2018,An orangutan named Rocky has become the first to mimic human speech. üôäüí¨  https://t.co/DIGdTHwpNq https://t.co/MeQwgxocmm,0.0,0.0,1.0,0.0,7
7,@BBC,Wed Sep 26 12:30:08 +0000 2018,"It‚Äôs National #FitnessDay! üèÄÔ∏è‚öΩÔ∏èüéæ

How much do you really know about exercise? 

Take this quiz to find out‚Ä¶‚Ä¶ https://t.co/8t1SMXLZp2",0.0,0.0,1.0,0.0,8
8,@BBC,Wed Sep 26 11:02:01 +0000 2018,"It's that time of year again... üôÑ

https://t.co/LxjiPTYUIG",0.0,0.0,1.0,0.0,9
9,@BBC,Wed Sep 26 10:46:44 +0000 2018,RT @BBCRadio4: üé∂ Prepare for adventure as @gemcairn takes @KojeyRadical on a musical journey to Accra... https://t.co/mvTfrBzlnB,0.3182,0.141,0.859,0.0,10
10,@BBC,Wed Sep 26 10:04:04 +0000 2018,"What. A. Voice. üòÆüëè

7-year-old Malea Emma was asked to sing the national anthem before an LA Galaxy game...

https://t.co/WHmbmTKkyU",0.0,0.0,1.0,0.0,11
11,@BBC,Wed Sep 26 09:53:51 +0000 2018,RT @BBCLater: Record-breaking UK solo artist @JessGlynne got our brand new series off to a storming start tonight... Watch the performance‚Ä¶,0.0,0.0,1.0,0.0,12
12,@BBC,Wed Sep 26 09:04:04 +0000 2018,"Discover the ancient volcanoes along Scotland‚Äôs west coast... üòÆüåã

https://t.co/kEPUuvtDN3",0.0,0.0,1.0,0.0,13
13,@BBC,Wed Sep 26 08:04:03 +0000 2018,How to help a friend who's struggling with mental health. https://t.co/X9PwihsgH9 https://t.co/0lUMrtmb1j,0.4767,0.353,0.479,0.168,14
14,@BBC,Wed Sep 26 07:31:04 +0000 2018,"Students can take a David Bowie course at Leeds University. ‚úçüéì 

üìªüëâ https://t.co/4jPPrnAK5S https://t.co/0ISuNTEZ5b",0.0,0.0,1.0,0.0,15
15,@BBC,Wed Sep 26 07:02:07 +0000 2018,"From Hawarden to Mount Snowdon, it's #MonkmanAndSeagull's Guide To Wales! üôå @e_monkman @bobby_seagull 

https://t.co/witW8qatbV",0.0,0.0,1.0,0.0,16
16,@BBC,Tue Sep 25 20:03:05 +0000 2018,"Tonight @JessGlynne, @idlesband, @softcellhq, @Ralph_McTell, @KingPrincess69 and @HakBaker join Jools on the first‚Ä¶ https://t.co/Lb6VCJ3eQI",0.296,0.145,0.855,0.0,17
17,@BBC,Tue Sep 25 19:03:06 +0000 2018,"Christopher Eccleston narrates a film which asks whether, a century later, the lessons learnt in 1918 might help us‚Ä¶ https://t.co/BiR6nIr1bz",0.4019,0.137,0.863,0.0,18
18,@BBC,Tue Sep 25 16:32:49 +0000 2018,"RT @BBCOne: **BREAKING** Meet your 2018 candidates, as introduced by @MattEdmondson on @bbciplayer &gt;&gt; https://t.co/oUaGVpPBuf

#TheApprenti‚Ä¶",0.0,0.0,1.0,0.0,19
19,@BBC,Tue Sep 25 16:02:03 +0000 2018,"Happy birthday to the one and only Will Smith! üéâüéà

https://t.co/CqmihTvPYW",0.6114,0.285,0.715,0.0,20
20,@BBC,Tue Sep 25 15:02:02 +0000 2018,".@BTS_twt have now gone where no K-pop group has gone before: The United Nations.

In a powerful speech, Kim Nam-jo‚Ä¶ https://t.co/bkZFU5VfFX",0.5267,0.226,0.685,0.089,21
21,@BBC,Tue Sep 25 14:00:23 +0000 2018,"üî§Scrabble players will now be able to use words such as ""OK"" and ""ew"" after a US dictionary company announced it wa‚Ä¶ https://t.co/kMHWzb8Gwi",0.0,0.0,1.0,0.0,22
22,@BBC,Tue Sep 25 13:05:02 +0000 2018,"In Sweden, you get paid double to be a parent.

(Via @BBCThree)

https://t.co/daXes3fiZX",0.0,0.0,1.0,0.0,23
23,@BBC,Tue Sep 25 12:32:05 +0000 2018,Indonesian teenager survives 49 days adrift at sea in 'fishing hut'. https://t.co/5rKpohNfRi https://t.co/qlRvoxZGe2,0.0,0.0,1.0,0.0,24
24,@BBC,Tue Sep 25 11:03:05 +0000 2018,"This is what happens when you teach African teenage girls to fly. ‚úàÔ∏è

https://t.co/1Kp4Ael1FO",0.0,0.0,1.0,0.0,25
25,@BBC,Tue Sep 25 10:39:01 +0000 2018,"RT @bbcpress: üëâ Meet the new #TheApprentice contestants. Who will be the first to hear the words ""you're fired""? Series starts 3 October on‚Ä¶",0.0,0.0,1.0,0.0,26
26,@BBC,Tue Sep 25 10:03:02 +0000 2018,"Who knew eating a pizza could be this filthy? üòÇüçï #QI

https://t.co/eeYWlRL9eV",0.0,0.0,1.0,0.0,27
27,@BBC,Tue Sep 25 08:53:02 +0000 2018,"‚ôªÔ∏è It's so different from place to place‚Ä¶ is there an easier way to sort this plastic recycling? 

https://t.co/75TG6dddQd",0.4215,0.135,0.865,0.0,28
28,@BBC,Tue Sep 25 08:30:00 +0000 2018,"Plastic is everywhere. Are you surprised?

#PlasticsWatch https://t.co/q1QXHYgYAR",0.2263,0.213,0.787,0.0,29
29,@BBC,Tue Sep 25 08:02:07 +0000 2018,"ü§îüé®Quiz: Can you guess which musicians painted these pictures?

https://t.co/CNo9uMGasj https://t.co/YrQeRins9E",0.0,0.0,1.0,0.0,30
30,@BBC,Tue Sep 25 07:32:06 +0000 2018,"üéìWhat's the best university name in the world to put on a job application?

https://t.co/2uEYRC075L https://t.co/tLmNn6W4Rt",0.6369,0.231,0.769,0.0,31
31,@BBC,Mon Sep 24 20:45:07 +0000 2018,"Ô∏è‚öΩÔ∏èüèÜ @HKane, @hazardeden10 and @MoSalah are on the shortlist for the best men's player, while England's @LucyBronze‚Ä¶ https://t.co/3cD3mKTSMk",0.6369,0.198,0.802,0.0,32
32,@BBC,Mon Sep 24 18:02:07 +0000 2018,"Keeping the head on is an unwritten rule of the job... üò≥Ô∏è‚öΩÔ∏è

A video of Colorado's football mascot accidentally sho‚Ä¶ https://t.co/vn9YzZeMLj",-0.34,0.0,0.888,0.112,33
33,@BBC,Mon Sep 24 16:32:08 +0000 2018,"‚ú®üï∫üíÉ @ZoeTheBall is back to give the lowdown on this series of @BBCStrictly!

Strictly - It Takes Two | 6:30pm |‚Ä¶ https://t.co/6rLJAtcYYx",-0.2714,0.0,0.901,0.099,34
34,@BBC,Mon Sep 24 16:26:11 +0000 2018,"RT @BBCOne: We're doing this to the letter, fellas. #LineOfDuty is back in t-w-e-n-t-y n-i-n-e-t-e-e-n. @martin_compston @Vicky_McClure htt‚Ä¶",0.0,0.0,1.0,0.0,35
35,@BBC,Mon Sep 24 15:53:55 +0000 2018,RT @BBCOne: How easy is it to get help for mental health when you need it? 14-year-old Jess was refused treatment for anxiety but went on t‚Ä¶,0.2144,0.128,0.773,0.099,36
36,@BBC,Mon Sep 24 15:17:27 +0000 2018,"RT @bbcdoctorwho: 1,2,3,4‚Ä¶. Thirteen #DoctorWho #Sheffield https://t.co/xaDWu2DmtF",0.0,0.0,1.0,0.0,37
37,@BBC,Mon Sep 24 15:06:34 +0000 2018,"Papa‚Ä¶ what? ü§îüòÇ 

A new series of Letterbox starts today at 6pm on @BBCTwo. 
https://t.co/NLP3Hx0YSK https://t.co/c8myHijbdz",0.0,0.0,1.0,0.0,38
38,@BBC,Mon Sep 24 13:59:07 +0000 2018,"‚úàÔ∏èIs this one of the world's most beautiful airports?

https://t.co/ewqnUMEhZY https://t.co/aFxlQBAET6",0.6361,0.295,0.705,0.0,39
39,@BBC,Mon Sep 24 13:01:06 +0000 2018,"So. Awkward. üçóüò≥üòÇ

When @lilyallen had to turn down chicken wings from @Drake... 

https://t.co/4pCjbGbUjY",-0.2247,0.0,0.873,0.127,40
40,@BBC,Mon Sep 24 11:36:41 +0000 2018,"RT @bbcpress: Who were your #BluePeter presenters growing up? üéÇ6‚É£0‚É£üéÇ The @CBBC show will celebrate 60 years next month. Facts, interviews a‚Ä¶",0.6597,0.213,0.787,0.0,41
41,@BBC,Mon Sep 24 11:08:45 +0000 2018,"Christina set up ‚ÄòSandwich Angels‚Äô to help feed Manchester‚Äôs homeless community. (Via @bbcthree)

https://t.co/Xq0WVgZFFe",0.4019,0.172,0.828,0.0,42
42,@BBC,Mon Sep 24 10:02:07 +0000 2018,"""Girls have rights and I have rights to an education."" üíõ

This young woman choose to teach instead of becoming a te‚Ä¶ https://t.co/lFAjrelhXI",0.0,0.0,1.0,0.0,43
43,@BBC,Mon Sep 24 09:03:02 +0000 2018,"üò≥üòÇ ""I'm going to leave it there because the lawyers are on the phone""

When @BBCSimonMcCoy sat down for a serious i‚Ä¶ https://t.co/HAuyMtgM2c",-0.128,0.0,0.889,0.111,44
44,@BBC,Mon Sep 24 08:49:40 +0000 2018,"RT @BBCSportWales: Are you brave enough to dive off a cliff? 

This teenager is - and he's about to make history üò≤ https://t.co/8fOgNK7URM",0.5267,0.152,0.848,0.0,45
45,@BBC,Mon Sep 24 08:02:05 +0000 2018,Mosquitoes are transferring plastics into the food chain. üëâ https://t.co/tjdOPX0zrn https://t.co/O4VxfryLpA,0.0,0.0,1.0,0.0,46
46,@BBC,Mon Sep 24 07:31:07 +0000 2018,There are plans for scientists in Russia to attempt to bring woolly mammoths back from extinction. üî¨‚Ä¶ https://t.co/31HyafKzgN,0.0,0.0,1.0,0.0,47
47,@BBC,Mon Sep 24 07:02:04 +0000 2018,This is the most hardcore baptism you‚Äôll ever see - a mum carrying her baby to a church up a near-vertical cliff fa‚Ä¶ https://t.co/RXxvIRWdyS,0.0,0.0,1.0,0.0,48
48,@BBC,Sun Sep 23 22:04:30 +0000 2018,"RT @BBCOne: 157 crew.
88 shoot days.
56 cast.
23 stunt performers.
6 episodes.
2 directors.
1 writer.
1 epic finale. 

Thanks for watching‚Ä¶",0.128,0.124,0.773,0.103,49
49,@BBC,Sun Sep 23 20:32:23 +0000 2018,"RT @BBCOne: Just David Budd, having the epitome of a VERY BAD DAY. #Bodyguard https://t.co/uuz9xTSusb",-0.7398,0.0,0.712,0.288,50
50,@BBC,Sun Sep 23 19:04:06 +0000 2018,"Get ready to learn the truth.

Don‚Äôt miss the epic finale of #Bodyguard. Tonight at 9pm on @BBCOne.

https://t.co/WBN1aXFHDl",0.4939,0.214,0.714,0.071,51
51,@BBC,Sun Sep 23 18:02:04 +0000 2018,"ü§îüìÜ Quiz: Can you guess which celebrity is the oldest? 

https://t.co/EVdI3SRIxf https://t.co/7hc2mzrx3B",0.0,0.0,1.0,0.0,52
52,@BBC,Sun Sep 23 17:02:01 +0000 2018,"Falling leaves, dramatic skies, misty mornings... üçÇüå∞ü¶ä

7 signs that autumn is well and truly on its way. üëâ‚Ä¶ https://t.co/iNXWoE3zcW",0.5267,0.221,0.708,0.071,53
53,@BBC,Sun Sep 23 16:04:03 +0000 2018,"'We're in love but never have sex'. 

https://t.co/IOgVh8eiFC https://t.co/dCLDcKhQ0Y",0.3818,0.245,0.755,0.0,54
54,@BBC,Sun Sep 23 15:03:04 +0000 2018,"Sea dragons are so elegant üòç #Oceans

https://t.co/yulAjV8D0S",0.6113,0.399,0.601,0.0,55
55,@BBC,Sun Sep 23 14:02:06 +0000 2018,"Low on cash but still want to whip up a mouthwatering meal? üçùü•òüçõ

Raid the store cupboard to create these delicious‚Ä¶ https://t.co/eMfg1xSQEo",0.3716,0.173,0.761,0.066,56
56,@BBC,Sun Sep 23 12:44:40 +0000 2018,"RT @BBCOne: The #Bodyguard finale is 75 minutes long. 
So here‚Äôs 75 reasons why we ‚ù§Ô∏è this show. 

See you at 9pm for the epic conclusion.‚Ä¶",0.0,0.0,1.0,0.0,57
57,@BBC,Sun Sep 23 11:02:02 +0000 2018,"Meet Ross. He's swimming the entire coast of Britain and has faced wetsuit burns, ""salt tongue"" and jellyfish. üò¨üåä

https://t.co/pj8THPs7g8",0.0,0.0,1.0,0.0,58
58,@BBC,Sun Sep 23 10:04:02 +0000 2018,"What's the most dangerous job in the world? #QI üî•‚úÇÔ∏èüò¨

https://t.co/hQ7vwFLc1A",-0.5256,0.0,0.747,0.253,59
59,@BBC,Sun Sep 23 09:03:05 +0000 2018,"*Googles how to become a special effects artist...*

üò≤üé¨ Meet the team behind every gripping action sequence in‚Ä¶ https://t.co/sTE4R5sVJE",0.4019,0.137,0.863,0.0,60
60,@BBC,Sun Sep 23 08:03:04 +0000 2018,"A lot has changed in 20 years, but do you remember what life was like in 1998? ü§î

Take the twenty years of change c‚Ä¶ https://t.co/AP2Lr1Jeq1",0.5023,0.124,0.876,0.0,61
61,@BBC,Sun Sep 23 07:31:05 +0000 2018,"A giant 300m-long spiderweb has appeared in Greece. The phenomenon is caused by Tetragnatha spiders, which can buil‚Ä¶ https://t.co/WReys8HSJV",0.0,0.0,1.0,0.0,62
62,@BBC,Sun Sep 23 07:03:01 +0000 2018,"It's been just over a year since @Harry_Styles made his Live Lounge debut. üíï

His cover of Fleetwood Mac's 'The Cha‚Ä¶ https://t.co/ZtNRkwd9bs",0.0,0.0,1.0,0.0,63
63,@BBC,Sat Sep 22 19:04:06 +0000 2018,"Seeking a missing man, detective Jay Swan finds an outback community fractured by secrets. 

#MysteryRoad | 9pm |‚Ä¶ https://t.co/7ogs71Algw",-0.296,0.0,0.879,0.121,64
64,@BBC,Sat Sep 22 18:06:53 +0000 2018,RT @bbcthree: Me walking in on the drama I've caused just after I've caused it #Strictly https://t.co/VlbewRmJt8,0.0,0.0,1.0,0.0,65
65,@BBC,Sat Sep 22 18:06:33 +0000 2018,"RT @BBCiPlayer: Happy Birthday, @billiepiper! üéÇ üéà
Here's a throwback to her emotional goodbye in Doctor Who. https://t.co/Mb9fPYDiyH",0.68,0.301,0.699,0.0,66
66,@BBC,Sat Sep 22 17:03:07 +0000 2018,Jack wanted to do something different to celebrate turning 106... so he became the oldest person ever to have zip-l‚Ä¶ https://t.co/WVOmVlpIZz,0.5719,0.156,0.844,0.0,67
67,@BBC,Sat Sep 22 16:14:07 +0000 2018,"Get ready to start dancing! ‚ú®üíÉüï∫

This year's @BBCStrictly celebrities have had two weeks to rehearse their first ro‚Ä¶ https://t.co/ADIc1vi0we",0.4199,0.128,0.872,0.0,68
68,@BBC,Sat Sep 22 15:04:05 +0000 2018,"This is the first time this baby rhino has been outside! üòçü¶è #WorldRhinoDay

https://t.co/OJdiiKiyIK",0.0,0.0,1.0,0.0,69
69,@BBC,Sat Sep 22 14:03:05 +0000 2018,Pictures of sea life tangled in plastic waste mean the pressure is on to do more to help. But what can be recycled‚Ä¶ https://t.co/RnQPBTRO44,-0.2551,0.103,0.725,0.173,70
70,@BBC,Sat Sep 22 13:30:22 +0000 2018,RT @BBCBreaking: Chas Hodges - one half of the musical duo Chas &amp; Dave - has died https://t.co/sLok83mgNk,-0.5574,0.0,0.806,0.194,71
71,@BBC,Sat Sep 22 13:30:08 +0000 2018,"RT @BBC6Music: üì∫ What‚Äôs the best thing you‚Äôve watched on the iPlayer lately?
1) #KillingEve @bbcthree
2) #CanYouFeelIt @BBCFOUR
3) #TheBody‚Ä¶",0.6369,0.181,0.819,0.0,72
72,@BBC,Sat Sep 22 13:04:09 +0000 2018,"RT @bbcstrictly: It's getting real now. #Strictly Come Dancing, LIVE tonight 6.15pm @BBCOne. RT if you'll be watching! üéâ https://t.co/uIRTh‚Ä¶",0.0,0.0,1.0,0.0,73
73,@BBC,Sat Sep 22 13:01:03 +0000 2018,Amazing! üíßüç¨üëµ Lewis has invented jelly sweets filled with water to encourage his grandma with dementia to stay hydra‚Ä¶ https://t.co/BAXUAFZYLQ,0.8908,0.384,0.616,0.0,74
74,@BBC,Sat Sep 22 11:04:03 +0000 2018,"The official trailer is here! 

""I‚Äôm the Doctor, when people need help, I never refuse."" #DoctorWho

https://t.co/0fLnk99haj",0.4574,0.166,0.834,0.0,75
75,@BBC,Sat Sep 22 10:04:05 +0000 2018,'I've had so much support from mums who thought that they couldn't do anything for themselves straight after they h‚Ä¶ https://t.co/iKgJY3L64W,0.5965,0.204,0.796,0.0,76
76,@BBC,Sat Sep 22 09:03:08 +0000 2018,"Do you have any pictures of your family at Stonehenge? 

üì∑ üë®‚Äçüë©‚Äçüë¶‚Äçüë¶ @EnglishHeritage needs your help! 

https://t.co/MxpcFHCYlq",0.4574,0.166,0.834,0.0,77
77,@BBC,Sat Sep 22 08:01:06 +0000 2018,"Oops! ü§¶‚Äç‚ôÄÔ∏è‚úàÔ∏è

An airline has had to send a plane back to the paint shop after the company's name was spelled incorr‚Ä¶ https://t.co/PtaEH3CPXf",0.0,0.0,1.0,0.0,78
78,@BBC,Sat Sep 22 07:31:05 +0000 2018,"Many yoghurts are full of sugar and the public should not be lulled into thinking they are eating healthy products,‚Ä¶ https://t.co/RJysRsxaZD",0.4019,0.119,0.881,0.0,79
79,@BBC,Sat Sep 22 07:02:05 +0000 2018,"The black-footed cat is the deadliest (but cutest?!) wild cat in the world. üòª #BigCats 

https://t.co/FjFZDR7bZ8",0.0,0.0,1.0,0.0,80
80,@BBC,Fri Sep 21 19:10:09 +0000 2018,"RT @BBCRadio1PR: Mum always knows best üëº @RayBLK_ reveals who inspires her as she heads out on the #1XtraLive Inspire ME tour

#inspireme h‚Ä¶",0.8957,0.351,0.649,0.0,81
81,@BBC,Fri Sep 21 18:03:06 +0000 2018,"""Everybody will see this and think that I'm a trillionaire!""

After students gave their university cleaner ¬£1,500 s‚Ä¶ https://t.co/n2N1cHJky0",0.2481,0.105,0.895,0.0,82
82,@BBC,Fri Sep 21 17:03:01 +0000 2018,"""Working on this project has been a tremendous labour of love"" üìñüíïü•ò

Meghan Markle celebrated the launch of her Gren‚Ä¶ https://t.co/vbPiUJw3sr",0.836,0.305,0.695,0.0,83
83,@BBC,Fri Sep 21 16:01:00 +0000 2018,Jumping into the weekend like... üòº #FridayFeeling https://t.co/vdWEXCzlSI,0.0,0.0,1.0,0.0,84
84,@BBC,Fri Sep 21 15:41:21 +0000 2018,"RT @bbc5live: Today, we said goodbye to our dear colleague and friend Rachael Bland.
 
#RaiseAGlassToRach is our way of giving a big burst‚Ä¶",0.802,0.301,0.699,0.0,85
85,@BBC,Fri Sep 21 15:02:03 +0000 2018,"We'd totally swipe right for a @Drake and @joshgroban collaboration! üé∂üé§

https://t.co/hpCSuIRqcB",0.0,0.0,1.0,0.0,86
86,@BBC,Fri Sep 21 14:00:14 +0000 2018,"‚ÄúI basically invented Come Dine With Me!‚Äù üòÇ

10 things you didn‚Äôt know about @petercrouch ‚û°Ô∏è‚Ä¶ https://t.co/CZGm2Rqm7I",0.0,0.0,1.0,0.0,87
87,@BBC,Fri Sep 21 13:01:07 +0000 2018,"We're officially obsessed with Hansel the armadillo. üòç@katehumble #AnimalPark 

 https://t.co/C7i5hEMPMG",-0.1779,0.0,0.841,0.159,88
88,@BBC,Fri Sep 21 11:02:04 +0000 2018,"üòçüê∂üëÆ Meet the cutest and newest recruits for Chile's national police force...

https://t.co/zbJZRdrUbD",0.5859,0.241,0.759,0.0,89
89,@BBC,Fri Sep 21 10:02:06 +0000 2018,".@StaceyDooley meets the family prepping for the apocalypse. (Via @BBCThree) 

https://t.co/IZE9vJTDCy",0.0,0.0,1.0,0.0,90
90,@BBC,Fri Sep 21 09:02:06 +0000 2018,"üò≥üå¨üëï Extreme Laundry is NOT for the faint hearted... 

https://t.co/1N9jAKP2c4",0.0,0.0,1.0,0.0,91
91,@BBC,Fri Sep 21 07:55:01 +0000 2018,‚úàÔ∏èAirline Cathay Pacific has had to send a plane back to the paint shop after the company's name was spelled incorr‚Ä¶ https://t.co/rY5SsBEsuf,0.0,0.0,1.0,0.0,92
92,@BBC,Fri Sep 21 07:48:00 +0000 2018,"RT @BBC6Music: Have you heard this year‚Äôs @MercuryPrize winning album?

üìº Visions of a live show: Watch Mercury Prize winners Wolf Alice‚Äôs‚Ä¶",0.8934,0.422,0.578,0.0,93
93,@BBC,Fri Sep 21 07:32:05 +0000 2018,"Do you Tolstoy on the treadmill? Christie on the commute? Kipling in the kitchen?

Here are 13 reasons why listenin‚Ä¶ https://t.co/DoKcev0DyQ",0.0,0.0,1.0,0.0,94
94,@BBC,Fri Sep 21 07:03:06 +0000 2018,"""He was dissing me and then laughing his head off."" üòÇüëë

When Prince Harry met @PeterCrouch... 

https://t.co/BYAEWcmlcK",0.4939,0.167,0.833,0.0,95
95,@BBC,Thu Sep 20 19:01:09 +0000 2018,"üé∂üéß @AnnieMac hosts this year's prestigious music awards ceremony from the Eventim Apollo in London. 

#MercuryPrize‚Ä¶ https://t.co/p2sWK8Ix9N",0.4588,0.158,0.842,0.0,96
96,@BBC,Thu Sep 20 17:02:07 +0000 2018,üì∑ üåÉ Photographer and art director @liamwong creates incredible sci-fi-style images of Tokyo at night...‚Ä¶ https://t.co/qfz5mAzCcd,0.2732,0.139,0.861,0.0,97
97,@BBC,Thu Sep 20 16:54:15 +0000 2018,"RT @BBC6Music: It's nearly time for the #MercuryPrize 2018, but who's nominated? Who might win? 

Here's the 6 Music Guide, and you can lea‚Ä¶",0.7622,0.202,0.798,0.0,98
98,@BBC,Thu Sep 20 16:06:06 +0000 2018,"'A pan of lasagne can say a lot more than a sympathy card'.

Is food the best language of grief? üìªüëâ‚Ä¶ https://t.co/oKCl8LQCZt",0.5829,0.257,0.625,0.118,99
99,@BBC,Thu Sep 20 15:04:05 +0000 2018,"Go Denis! üí™ This 85-year-old great grandfather tackled would-be robbers wielding a sawn-off shotgun and hammers... 

https://t.co/RMqAjJb7r7",0.6588,0.239,0.761,0.0,100
100,@CBS,Wed Sep 26 17:25:43 +0000 2018,"‚ö°Ô∏è ‚ÄúFBI Premieres on CBS‚Äù

https://t.co/faL6iHZc5g",0.0,0.0,1.0,0.0,1
101,@CBS,Tue Sep 25 21:10:56 +0000 2018,"RT @CBSAllAccess: A night of crime dramas?! Oh yes. üôå Stream @NCIS_CBS, @FBICBS &amp; @NCISNewOrleans starting at 8/7c on CBS All Access: https‚Ä¶",-0.2714,0.106,0.745,0.149,2
102,@CBS,Tue Sep 25 20:31:45 +0000 2018,"Before @FBICBS premieres tonight, @mperegrym stopped by @CBSThisMorning to talk about her role as an FBI agent in t‚Ä¶ https://t.co/CPVki4Hv8y",-0.2263,0.0,0.909,0.091,3
103,@CBS,Tue Sep 25 19:54:26 +0000 2018,RT @CBSAllAccess: üö® @PatrickBrammall. Tim Meadows. @jessicaalba. @iamgreenfield. @AHWAmySedaris. @ChrisGethard. @JoeManganiello. AND SO MAN‚Ä¶,0.0,0.0,1.0,0.0,4
104,@CBS,Tue Sep 25 19:45:33 +0000 2018,RT @bigbangtheory: Happy #NationalComicBookDay from Sheldon and his many shirts! How are you sporting your favorite superhero today? #BigBa‚Ä¶,0.7901,0.291,0.709,0.0,5
105,@CBS,Tue Sep 25 18:34:26 +0000 2018,"‚ö°Ô∏è ‚ÄúMagnum P.I. Premieres on CBS‚Äù

https://t.co/UtbQlcDG8S",0.0,0.0,1.0,0.0,6
106,@CBS,Tue Sep 25 18:05:31 +0000 2018,".@jay_hernandez went on @latelateshow to talk about @MagnumPICBS, but he may have gotten @TiffanyHaddish as a surf‚Ä¶ https://t.co/a3acRu10aw",0.0,0.0,1.0,0.0,7
107,@CBS,Mon Sep 24 18:56:15 +0000 2018,"RT @60Minutes: 60 Minutes turns 50 today. Tick, tick, tick ... https://t.co/3CVKEs9J7F",0.0,0.0,1.0,0.0,8
108,@CBS,Sun Sep 23 23:24:03 +0000 2018,"Due to #NFL football game overrun, #CBS Sunday lineup is delayed in ATL, Indy, NOLA, Kansas City, NYC, Philly, Prov‚Ä¶ https://t.co/fejqoxtvSY",-0.2263,0.0,0.913,0.087,9
109,@CBS,Sun Sep 23 14:00:00 +0000 2018,Kick off your Sunday with @NFL on CBS. Catch your local games live on CBS and @CBSAllAccess. üèàüì∫‚Ä¶ https://t.co/kbo7N27mY9,0.0,0.0,1.0,0.0,10
110,@CBS,Fri Sep 21 19:18:00 +0000 2018,"How does $100,000 sound? Because someone is going to win all that tonight on the @TKOCBS Battle Royale finale at 9p‚Ä¶ https://t.co/JEuUZ2QlQh",0.296,0.144,0.758,0.098,11
111,@CBS,Fri Sep 21 17:46:26 +0000 2018,@colbertlateshow @IainLoveTheatre @IainLoveTheatre made a compelling argument. We'll get back to you. üòâ,-0.1531,0.142,0.672,0.187,12
112,@CBS,Thu Sep 20 23:17:19 +0000 2018,"Now that @bigbangtheory is entering its last season, Kaley Cuoco admits to @latelateshow she's over the show's noto‚Ä¶ https://t.co/xvhlMWBhSX",0.296,0.109,0.891,0.0,13
113,@CBS,Thu Sep 20 21:38:21 +0000 2018,RT @HawaiiFive0CBS: It‚Äôs the big Five-0! üéâ üåä #H50 premiered on this day in 1968! Celebrate 50 years of Hawaii Five-0 with every season of b‚Ä¶,0.6467,0.157,0.843,0.0,14
114,@CBS,Thu Sep 20 16:47:26 +0000 2018,RT @JordanPeele: üì∫üåÄ https://t.co/CygbVi4JFC,0.0,0.0,1.0,0.0,15
115,@CBS,Wed Sep 19 19:07:37 +0000 2018,The @latelateshow and @JKCorden will never be good enough for @henrygolding's crazy rich mom.‚Ä¶ https://t.co/xVmH5Iyfvs,-0.0531,0.176,0.588,0.236,16
116,@CBS,Tue Sep 18 17:04:20 +0000 2018,RT @CBSThisMorning: Imagine receiving a digital friend request from someone claiming to be God. What would you do? The new @CBS drama @GodF‚Ä¶,0.6486,0.209,0.791,0.0,17
117,@CBS,Mon Sep 17 22:01:52 +0000 2018,"RT @PriceIsRight: We're thrilled to be back with all new, fun, and exciting shows!!  We hope to give you another award winning season! HERE‚Ä¶",0.9642,0.527,0.473,0.0,18
118,@CBS,Mon Sep 17 21:41:20 +0000 2018,RT @SalvationCBS: X marks the spot on the heart-stopping season finale of #SalvationCBS tonight at 9/8c on CBS &amp; CBS All Access: https://t.‚Ä¶,0.0,0.0,1.0,0.0,19
119,@CBS,Mon Sep 17 19:18:37 +0000 2018,Waiting for tonight's @Elementary_CBS season finale like https://t.co/Ou8342vGT9,0.3612,0.263,0.737,0.0,20
120,@CBS,Sun Sep 16 23:48:59 +0000 2018,"Due to an NFL overrun, the CBS Sunday lineup is delayed in the East/Central cities ONLY. New start times:‚Ä¶ https://t.co/IypoJ0l16P",-0.2263,0.0,0.909,0.091,21
121,@CBS,Sun Sep 16 14:33:46 +0000 2018,RT @CBSAllAccess: Sundays were made for NFL on CBS. üèàüíØ Stream NFL on CBS All Access live today: https://t.co/vsod8jGE7N https://t.co/co2528‚Ä¶,0.0,0.0,1.0,0.0,22
122,@CBS,Sat Sep 15 16:00:01 +0000 2018,"What happens when a PTA mom steals nearly $100,000 from her daughter's school? Don't miss the #PinkCollarCrimes sea‚Ä¶ https://t.co/Gjiy0pByaE",-0.4322,0.07,0.771,0.159,23
123,@CBS,Fri Sep 14 18:22:59 +0000 2018,"RT @CBSAllAccess: No internet, no problem. You can now download and play your favorite shows on CBS All Access! üôå Learn how: https://t.co/y‚Ä¶",-0.2481,0.181,0.571,0.248,24
124,@CBS,Thu Sep 13 20:52:06 +0000 2018,@PlaggemeyLee Mac's putting something together. üòâ https://t.co/6ww5HlV6Bx,0.0,0.0,1.0,0.0,25
125,@CBS,Thu Sep 13 20:28:06 +0000 2018,This just in... https://t.co/QG3OYF6Rfv,0.0,0.0,1.0,0.0,26
126,@CBS,Thu Sep 13 18:06:49 +0000 2018,RT @CBSAllAccess: Get excited! Stream original #MurphyBrown episodes for a limited time on CBS All Access before the @MurphyBrownCBS reviva‚Ä¶,0.4753,0.218,0.699,0.083,27
127,@CBS,Mon Sep 10 17:06:16 +0000 2018,"This just in! The 54th #ACMawards will air LIVE from Las Vegas on Sunday, April 7, 2019 at 8/7c on CBS and‚Ä¶ https://t.co/Q9e7qxe26l",0.0,0.0,1.0,0.0,28
128,@CBS,Sun Sep 09 23:36:09 +0000 2018,"Due to an NFL overrun, CBS is delayed 17 mins in the following markets: Kansas City, Miami, Tampa, NOLA, New York,‚Ä¶ https://t.co/9eXZ9mA1Xb",-0.2263,0.0,0.917,0.083,29
129,@CBS,Sun Sep 09 14:00:00 +0000 2018,Are you ready for some football? üèà Stream your favorite NFL games LIVE on #CBSAllAccess today:‚Ä¶ https://t.co/eHt8guHoyv,0.6705,0.282,0.718,0.0,30
130,@CBS,Sat Sep 08 16:20:43 +0000 2018,An unforgettable night of inspiring stories and performances highlighting the 10 years of impact #StandUpToCancer c‚Ä¶ https://t.co/8bp2XNKwfH,0.4215,0.149,0.851,0.0,31
131,@CBS,Sat Sep 08 00:00:00 +0000 2018,The star-studded event is about to begin! Tune in now to watch #StandUpToCancer on CBS and @cbsallaccess. https://t.co/cD8TJuQBog,0.0,0.0,1.0,0.0,32
132,@CBS,Fri Sep 07 23:15:09 +0000 2018,"RT @cbsallaccess: Join #TellMeAStory's @daniellemcam, @BillyMagnussen &amp; Dorian Missick by standing up to cancer! Watch @SU2C tonight at 8/7‚Ä¶",-0.5411,0.092,0.712,0.196,33
133,@CBS,Fri Sep 07 21:50:51 +0000 2018,Tune in to a first-of-its-kind digital live show as lead up to @SU2C‚Äôs televised event tonight! The show will featu‚Ä¶ https://t.co/hIVaLAXYmR,0.0,0.0,1.0,0.0,34
134,@CBS,Thu Sep 06 22:10:49 +0000 2018,Hollywood legend Burt Reynolds has passed away at the age of 82. He will be missed. https://t.co/HSmcJ9X9iC,-0.296,0.0,0.879,0.121,35
135,@CBS,Thu Sep 06 19:00:01 +0000 2018,Here are @FBICBS‚Äô @JeremySisto and @EboneeReigne with a powerful message before #StandUpToCancer airs tomorrow! https://t.co/OCqh91N1OO,0.4753,0.192,0.808,0.0,36
136,@CBS,Wed Sep 05 21:00:00 +0000 2018,Here's everything you need to know before tuning into #StandUpToCancer this Friday at 8/7c: https://t.co/IT9ht84TZ1 https://t.co/OK4AOxw5mP,0.0,0.0,1.0,0.0,37
137,@CBS,Wed Sep 05 17:32:40 +0000 2018,Survivor host @JeffProbst is here to break down the theme of #Survivor: David vs. Goliath before the new season beg‚Ä¶ https://t.co/8TcA200eFQ,0.3612,0.111,0.889,0.0,38
138,@CBS,Wed Sep 05 16:48:09 +0000 2018,"Thanks, @StephenAtHome. 
P.S. Nice beard. #LSSC https://t.co/wppVtfR9cL",0.6908,0.533,0.467,0.0,39
139,@CBS,Tue Sep 04 20:34:26 +0000 2018,The biggest names in entertainment are coming together once again for #StandUpToCancer this Friday at 8/7c on @CBS‚Ä¶ https://t.co/ntuGKLYvuW,0.4215,0.135,0.865,0.0,40
140,@CBS,Sat Sep 01 15:25:34 +0000 2018,RT @cbsallaccess: Stream #17 @WestVirginiaU vs. @UTKnoxville LIVE today at 3:30PM ET on CBS All Access! Try 1 month FREE using code BINGENO‚Ä¶,0.6514,0.171,0.829,0.0,41
141,@CBS,Fri Aug 31 21:26:49 +0000 2018,"In just one week, @RWitherspoon, @McConaughey, Jennifer Garner, and more will attend the #‚ÄãStandUpToCancer fundrais‚Ä¶ https://t.co/iHKGOoWejA",0.0,0.0,1.0,0.0,42
142,@CBS,Fri Aug 31 18:01:01 +0000 2018,"Believe in miracles. Watch this sneak peek of the complete premiere episode of @GodFriendedMe now, a month before i‚Ä¶ https://t.co/5AIUH5VmMk",0.0,0.0,1.0,0.0,43
143,@CBS,Thu Aug 30 19:45:51 +0000 2018,"RT @cbsallaccess: Money. Murder. Mystery. #OneDollar is now streaming, exclusively on CBS All Access. https://t.co/3qFdTEmVU5 https://t.co/‚Ä¶",-0.6908,0.0,0.761,0.239,44
144,@CBS,Thu Aug 30 15:32:47 +0000 2018,RT @GodFriendedMe: It's a godsend! We're dropping the #GodFriendedMe pilot tomorrow right here on Twitter for you to stream a full month be‚Ä¶,0.6239,0.17,0.83,0.0,45
145,@CBS,Mon Aug 27 23:36:57 +0000 2018,"It's almost time for sweater weather, pumpkin spice lattes, and CBS Fall TV premieres. Check out the storylines for‚Ä¶ https://t.co/BpgDyYl8fc",0.0,0.0,1.0,0.0,46
146,@CBS,Fri Aug 24 20:30:16 +0000 2018,RT @cbsallaccess: #NFL preseason coverage is here! üèà The Detroit @Lions battle the Tampa Bay @Buccaneers tonight at 8PM ET. Stream the game‚Ä¶,-0.4389,0.0,0.879,0.121,47
147,@CBS,Wed Aug 22 20:55:25 +0000 2018,"@bigbangtheory üé∂...happy kitty, sleepy kitty, purr purr purrüé∂ #TheBigBangTheory https://t.co/sEObppGJlZ",0.0,0.0,1.0,0.0,48
148,@CBS,Wed Aug 22 20:10:12 +0000 2018,"This is going to require multiple singings of ""Soft Kitty."" https://t.co/UdRGNeQ7Lb",0.0,0.0,1.0,0.0,49
149,@CBS,Mon Aug 20 21:59:56 +0000 2018,Got to get more of the @PaulMcCartney #CarpoolKaraoke into your life? @latelateshow produced an hour-long bonus spe‚Ä¶ https://t.co/DjPqajo6Xn,0.5423,0.171,0.829,0.0,50
150,@CBS,Fri Aug 17 17:42:02 +0000 2018,"How much does it cost to bury the truth? 
#OneDollar premieres August 30, exclusively on CBS All Access. https://t.co/ZL5TBH9ro5",0.3182,0.113,0.887,0.0,51
151,@CBS,Thu Aug 16 18:40:09 +0000 2018,Things got carried away when @ArianaGrande joined @latelateshow for #CarpoolKaraoke. So did Ariana. #ArianaCarpool https://t.co/WSZcC0TaYz,0.0,0.0,1.0,0.0,52
152,@CBS,Thu Aug 16 00:09:03 +0000 2018,RT @cbsallaccess: Murder mystery set in a small town? We're in. Rediscover the genius of original #TwinPeaks co-creators @DAVID_LYNCH and @‚Ä¶,-0.5267,0.092,0.72,0.188,53
153,@CBS,Sun Aug 12 23:30:02 +0000 2018,New start times for @60Minutes 7:20ET/6:20CT @CBSBigBrother 8:20ET/7:20CT @NCISLA 9:20ET/8:20CT @Elementary_CBS 10:‚Ä¶ https://t.co/Op9VcDsREa,0.0,0.0,1.0,0.0,54
154,@CBS,Sun Aug 12 15:04:59 +0000 2018,Clear your schedules for the 100th #PGAChamp! Stream the Final Round LIVE on @cbsallaccess at 2 PM ET across all de‚Ä¶ https://t.co/m6bH2pKTUN,0.4389,0.126,0.874,0.0,55
155,@CBS,Sat Aug 11 18:00:00 +0000 2018,The fortune teller you‚Äôll meet this Saturday lived a life of luxury... by scamming her victims out of hundreds of t‚Ä¶ https://t.co/fJo6F2Eo5p,-0.3182,0.0,0.897,0.103,56
156,@CBS,Sat Aug 11 15:00:02 +0000 2018,The 100th PGA Championship continues today! Stream it LIVE on @cbsallaccess at 2PM ET across all devices. Try 1 Wee‚Ä¶ https://t.co/jbMg06eOND,0.4926,0.144,0.856,0.0,57
157,@CBS,Fri Aug 10 22:28:55 +0000 2018,"To celebrate the 100th PGA Championship, relive some of the tournament's greatest moments with Luke Wilson. 

Don't‚Ä¶ https://t.co/wUuB93smr4",0.8957,0.419,0.581,0.0,58
158,@CBS,Fri Aug 10 19:59:14 +0000 2018,"RT @TrueCrimeCBS: When Glenn Walp and Steve Doran uncovered theft at the Los Alamos National Laboratory, they HAD to blow their whistles. W‚Ä¶",0.0,0.0,1.0,0.0,59
159,@CBS,Thu Aug 09 21:00:00 +0000 2018,Want to create your own @CBSBigBrother or @TKOCBS meme using one the photos here? It‚Äôs your lucky day! Head over to‚Ä¶ https://t.co/JHJWykNkQT,0.6696,0.255,0.745,0.0,60
160,@CBS,Thu Aug 09 18:47:00 +0000 2018,Time to celebrate! Your favorite Daytime shows will premiere with new seasons this fall. See all of the @CBSDaytime‚Ä¶ https://t.co/GNkK4Zf2kD,0.7901,0.28,0.72,0.0,61
161,@CBS,Wed Aug 08 16:05:11 +0000 2018,"Love is in the air, and the water! International smash hit #LoveIsland is coming to CBS. https://t.co/nepabuNoSU https://t.co/Cxgvkv463u",0.6696,0.209,0.791,0.0,62
162,@CBS,Tue Aug 07 16:06:57 +0000 2018,The Executive Producers of @CBSBigBrother are teaming up with @KingJames and @MavCarter for an unprecedented televi‚Ä¶ https://t.co/V88bDeHmQs,0.0,0.0,1.0,0.0,63
163,@CBS,Mon Aug 06 00:20:55 +0000 2018,"RT @cbsallaccess: Executive Producer of Tell Me A Story, @kevwilliamson, says ""What I like about the show, there‚Äôs nothing else on TV like‚Ä¶",0.3612,0.111,0.889,0.0,64
164,@CBS,Mon Aug 06 00:07:38 +0000 2018,RT @TheNeighborhood: Feel the love in this new teaser for #TheNeighborhood from the #CBS #TCA18! ü§ó https://t.co/rPmCozH5XP,0.5411,0.219,0.683,0.098,65
165,@CBS,Mon Aug 06 00:02:58 +0000 2018,RT @TheNeighborhood: Find out why Cedric the Entertainer and the cast think #TheNeighborhood is the kind of show that everyone can relate t‚Ä¶,0.3818,0.106,0.894,0.0,66
166,@CBS,Mon Aug 06 00:02:02 +0000 2018,That's all for our #CBS #TCA18 panels! Tune in this fall to watch all your favorite new shows. üôå https://t.co/hM85o9eRi8,0.5093,0.155,0.845,0.0,67
167,@CBS,Sun Aug 05 23:58:41 +0000 2018,"RT @MagnumPICBS: ""If there was ever a time to bring back #MagnumPI, it's now."" - @PLenkov 
#CBS #TCA2018",0.0,0.0,1.0,0.0,68
168,@CBS,Sun Aug 05 23:44:39 +0000 2018,"RT @MagnumPICBS: ""There are a lot of easter eggs from the original that fans from the original series will love, and they're peppered throu‚Ä¶",0.8316,0.306,0.694,0.0,69
169,@CBS,Sun Aug 05 23:41:21 +0000 2018,"RT @MagnumPICBS: ""What we are trying to do is introduce the show to a new audience...it's going to open it up for anyone that's new and the‚Ä¶",0.0,0.0,1.0,0.0,70
170,@CBS,Sun Aug 05 23:35:49 +0000 2018,"RT @MagnumPICBS: ""This has been my white whale since I was a kid. I always loved #MagnumPI. Putting words in Magnum's mouth is something I'‚Ä¶",0.5994,0.157,0.843,0.0,71
171,@CBS,Sun Aug 05 23:35:46 +0000 2018,RT @MagnumPICBS: It's #MagnumPI time at the #CBS #TCA2018! Follow along as we live tweet the panel!,0.0,0.0,1.0,0.0,72
172,@CBS,Sun Aug 05 23:16:25 +0000 2018,RT @happytogether: Thanks for following along! That concludes the #HappyTogether panel at the #CBS #TCA2018! @MagnumPICBS is up next!,0.5826,0.173,0.827,0.0,73
173,@CBS,Sun Aug 05 23:12:39 +0000 2018,"RT @happytogether: Question: Even though you're not playing @Harry_Styles, did you do a Harry crash course?
@itsfelixwot: Absolutely not. C‚Ä¶",-0.5093,0.0,0.798,0.202,74
174,@CBS,Sun Aug 05 23:10:20 +0000 2018,"RT @happytogether: ""The show is about marriage, it's about getting a bit older, it's about youthfulness, it's about something happening and‚Ä¶",0.0,0.0,1.0,0.0,75
175,@CBS,Sun Aug 05 23:05:58 +0000 2018,"RT @happytogether: ""It's always good to have a little bit of truth in whatever you're making.""- @wayansjr 

#HappyTogether #CBS #TCA2018",0.6041,0.225,0.775,0.0,76
176,@CBS,Sun Aug 05 23:01:25 +0000 2018,"RT @happytogether: ""I thought I was still young and cool until I met @itsfelixwot!"" -@AmberoniStevens #HappyTogether #CBS #TCA2018",0.3802,0.147,0.853,0.0,77
177,@CBS,Sun Aug 05 22:58:41 +0000 2018,"RT @happytogether: ""We never wanted to create a show where people think ""Oh, did @Harry_Styles do that?"" -@benwinston on emphasizing that #‚Ä¶",-0.2057,0.0,0.917,0.083,78
178,@CBS,Sun Aug 05 22:58:36 +0000 2018,RT @happytogether: .@wayansjr is quick to point out that the characters in #HappyTogether are fictional. #CBS #TCA2018,0.0,0.0,1.0,0.0,79
179,@CBS,Sun Aug 05 22:53:12 +0000 2018,"RT @happytogether: ""@Harry_Styles became part of the family. We didn't want him to move out."" -@benwinston #CBS #HappyTogether #TCA18",-0.0572,0.0,0.936,0.064,80
180,@CBS,Sun Aug 05 22:52:24 +0000 2018,"RT @happytogether: ""It's about Cooper who wants nothing but normality and a boring life, and Jake and Claire, who want more excitement."" -@‚Ä¶",-0.3612,0.059,0.82,0.121,81
181,@CBS,Sun Aug 05 22:49:06 +0000 2018,"RT @happytogether: ""It's loosely inspired (by the time @Harry_Styles lived with @benwinston), because if we put what actually happened on t‚Ä¶",0.4939,0.138,0.862,0.0,82
182,@CBS,Sun Aug 05 22:46:49 +0000 2018,RT @happytogether: It's time for the #HappyTogether panel at the #CBS #TCA18! Follow along here!,0.0,0.0,1.0,0.0,83
183,@CBS,Sun Aug 05 22:32:37 +0000 2018,RT @GodFriendedMe: Thanks for following along during the #GodFriendedMe panel at #CBS #TCA18‚Äî@HappyTogether is up next!,0.4926,0.175,0.825,0.0,84
184,@CBS,Sun Aug 05 22:32:30 +0000 2018,"RT @GodFriendedMe: ""You don't have to believe in God to believe in good."" üôå@JOEtheMORTON¬†#GodFriendedMe #CBS",0.2732,0.123,0.877,0.0,85
185,@CBS,Sun Aug 05 22:16:36 +0000 2018,RT @GodFriendedMe: ‚ÄúIt‚Äôs incredibly important to us that we‚Äôre not a show that‚Äôs preachy or judgmental. Whether you believe or don‚Äôt believ‚Ä¶,0.2716,0.095,0.905,0.0,86
186,@CBS,Sun Aug 05 22:16:29 +0000 2018,"RT @GodFriendedMe: ""Our feet are on the ground. Our characters are not angels, they‚Äôre not heavenly, they‚Äôre just real people. The 'opposin‚Ä¶",-0.4973,0.0,0.867,0.133,87
187,@CBS,Sun Aug 05 22:16:19 +0000 2018,RT @GodFriendedMe: Follow along with us as we live-tweet the #GodFriendedMe panel at #CBS #TCA18 with stars @hall_m_brandon @violettbeane @‚Ä¶,0.0,0.0,1.0,0.0,88
188,@CBS,Sun Aug 05 22:05:44 +0000 2018,"RT @cbsallaccess: From the writer of Scream, The Vampire Diaries and The Following, comes a modern day twist on classic fairy tales. 

#Tel‚Ä¶",-0.4019,0.0,0.886,0.114,89
189,@CBS,Sun Aug 05 22:00:47 +0000 2018,"RT @cbsallaccess: Small town. Big murder. Follow the Money. 

#OneDollar premieres August 30, exclusively on CBS All Access. https://t.co/T‚Ä¶",-0.6908,0.0,0.793,0.207,90
190,@CBS,Sun Aug 05 21:48:41 +0000 2018,RT @cbsallaccess: That's a wrap on the #TellMeAStory panel! @GodFriendedMe is up next! #TCA18 #CBSAllAccess,0.0,0.0,1.0,0.0,91
191,@CBS,Sun Aug 05 21:48:36 +0000 2018,"RT @cbsallaccess: ""What I love about New York City - besides being the best city in the world - it's textural, it's real, it has everything‚Ä¶",0.8555,0.286,0.714,0.0,92
192,@CBS,Sun Aug 05 21:48:29 +0000 2018,RT @cbsallaccess: Who's ready to see @KimCattrall play @daniellemcam's (AKA Little Red Riding Hood) grandmother? #TellMeAStory #TCA18 #CBSA‚Ä¶,0.5994,0.234,0.766,0.0,93
193,@CBS,Sun Aug 05 21:31:15 +0000 2018,"RT @cbsallaccess: ""What I like about this show is that there's nothing else on TV like it right now."" -@kevwilliamson #TellMeAStory #TCA18‚Ä¶",0.6124,0.208,0.792,0.0,94
194,@CBS,Sun Aug 05 20:58:52 +0000 2018,"RT @MurphyBrownCBS: According to Candice Bergen and Diane English, there's never been a more perfect time to revive #MurphyBrown! https://t‚Ä¶",-0.2748,0.105,0.742,0.153,95
195,@CBS,Sun Aug 05 20:56:17 +0000 2018,"RT @MurphyBrownCBS: #MurphyBrown has always been a political show, and that won't change! Read on about how the show plans to cover hot top‚Ä¶",0.0,0.0,1.0,0.0,96
196,@CBS,Sun Aug 05 20:10:33 +0000 2018,"RT @FBICBS: ""People are going to get a very realistic view of how that office operates and the stresses. It's a zero-tolerance FBI office.‚Ä¶",-0.4588,0.0,0.875,0.125,97
197,@CBS,Sun Aug 05 19:43:38 +0000 2018,Stay tuned for more #CBS #TCA18 action! The @cbsallaccess panel is up next. üëçüèº https://t.co/fcjiEwpaN0,0.0,0.0,1.0,0.0,98
198,@CBS,Sun Aug 05 19:22:22 +0000 2018,"RT @FBICBS: #FBIFam, this should cure your #SundayScaries! Check out the #FBI preview that was shown at the #CBS #TCA18 before the panel. h‚Ä¶",0.0,0.0,1.0,0.0,99
199,@CBS,Sun Aug 05 19:21:28 +0000 2018,"RT @TheNeighborhood: ""Once we shot the pilot, we knew that we had a great show."" -@CedEntertainer #TheNeighborhood #CBS",0.6249,0.204,0.796,0.0,100
200,@CNN,Wed Sep 26 19:34:27 +0000 2018,"RT @CNNnewsroom: ""Never did he acknowledge the woman. Never did he say her name, and again I say Mr. President, say her name. Her name is J‚Ä¶",0.0,0.0,1.0,0.0,1
201,@CNN,Wed Sep 26 19:32:50 +0000 2018,"Rachel Mitchell, the prosecutor selected to serve as outside counsel for the Republican-led Senate Judiciary Commit‚Ä¶ https://t.co/U1sQxgOHIo",0.0,0.0,1.0,0.0,2
202,@CNN,Wed Sep 26 19:26:06 +0000 2018,"The US Air Force conducted two bomber flights this week into areas considered sensitive by the Chinese military, mi‚Ä¶ https://t.co/kSj4SfPFtR",0.0,0.0,1.0,0.0,3
203,@CNN,Wed Sep 26 19:20:37 +0000 2018,"Earlier this week, US B-52 bombers flew from Guam and transited through the South China Sea, an area where the Chin‚Ä¶ https://t.co/Fn0Wn9J4lU",0.0,0.0,1.0,0.0,4
204,@CNN,Wed Sep 26 19:00:07 +0000 2018,Uber will pay $148 million to settle an investigation into a 2016 data breach that the company was accused of inten‚Ä¶ https://t.co/HSuHrfTK4y,-0.4364,0.0,0.83,0.17,5
205,@CNN,Wed Sep 26 18:50:08 +0000 2018,"President Trump was ""ranting and venting on trade"" to French President Emmanuel Macron during their bilateral meeti‚Ä¶ https://t.co/c8np6VJjWN",0.0,0.0,1.0,0.0,6
206,@CNN,Wed Sep 26 18:40:04 +0000 2018,The Federal Reserve hikes interest rates for the third time this year https://t.co/1U7JxMBUX9 https://t.co/b5EskJmo1T,0.4588,0.188,0.812,0.0,7
207,@CNN,Wed Sep 26 18:30:11 +0000 2018,The UK's postal service is urging environmental campaigners to stop sending empty potato chip bags without an envel‚Ä¶ https://t.co/qHepeUBaAB,-0.4588,0.0,0.81,0.19,8
208,@CNN,Wed Sep 26 18:20:03 +0000 2018,A 27-year-old Chinese national was arrested in Chicago Tuesday for allegedly spying on behalf of Beijing‚Ä¶ https://t.co/Fe6JL6HU61,-0.4767,0.0,0.829,0.171,9
209,@CNN,Wed Sep 26 18:10:06 +0000 2018,"A Mediterranean diet -- rich in vegetables, fruits, nuts and fish -- could help lower a person's risk of depression‚Ä¶ https://t.co/DuQptoDTH3",0.1779,0.234,0.52,0.245,10
210,@CNN,Wed Sep 26 18:01:30 +0000 2018,"A third person has been infected with monkeypox in the UK, this time in a healthcare worker caring for a previous c‚Ä¶ https://t.co/hiXCTTCq2A",0.0,0.131,0.738,0.131,11
211,@CNN,Wed Sep 26 17:56:00 +0000 2018,"Once a year, Hong Kong celebrates the Mid-Autumn Festival with a giant fire dragon dancing in the streets. https://t.co/s42doi6FYJ",0.6705,0.296,0.601,0.103,12
212,@CNN,Wed Sep 26 17:50:00 +0000 2018,The company that owns Arby‚Äôs and Buffalo Wild Wings is buying drive-in burger joint Sonic for $2.3 billion‚Ä¶ https://t.co/eD7fmhqs8E,0.0,0.0,1.0,0.0,13
213,@CNN,Wed Sep 26 17:31:40 +0000 2018,"RT @CNNPolitics: GOP Sen. Jeff Flake, speaking on the Senate floor, decries the attacks on both Supreme Court nominee Brett Kavanaugh and a‚Ä¶",0.1779,0.131,0.764,0.105,14
214,@CNN,Wed Sep 26 17:30:01 +0000 2018,A long-lost warship has been discovered off the coast of China after an extensive hunt to track down relics from fr‚Ä¶ https://t.co/WiOdLSNWed,-0.1779,0.0,0.922,0.078,15
215,@CNN,Wed Sep 26 17:25:51 +0000 2018,"There will be no delay to the hearing with Brett Kavanaugh and Christine Blasey Ford despite new allegations, Senat‚Ä¶ https://t.co/Cm5Q212YWC",-0.5423,0.0,0.8,0.2,16
216,@CNN,Wed Sep 26 17:20:06 +0000 2018,Secretary of State Mike Pompeo will travel again to North Korea to meet with senior leaders there in preparation fo‚Ä¶ https://t.co/x0N3hXxXcw,0.0,0.0,1.0,0.0,17
217,@CNN,Wed Sep 26 17:10:00 +0000 2018,"In a statement released by the White House, Kavanaugh responds to these new allegations: ""This is ridiculous and fr‚Ä¶ https://t.co/fsWB8E3Rq1",-0.3612,0.0,0.878,0.122,18
218,@CNN,Wed Sep 26 17:00:02 +0000 2018,New Zealand Prime Minister Jacinda Ardern has told CNN she hoped the decision to bring her 3-month-old baby to the‚Ä¶ https://t.co/m9B2JMsjGx,0.3818,0.115,0.885,0.0,19
219,@CNN,Wed Sep 26 16:50:06 +0000 2018,Anita Hill all over again? Here's why Republicans fear a repeat. | Analysis by @GregJKrieg https://t.co/sV8xdlvCxW https://t.co/3pIwkSAniQ,-0.4939,0.0,0.814,0.186,20
220,@CNN,Wed Sep 26 16:45:13 +0000 2018,"Supreme Court nominee Brett Kavanaugh to deny assault allegations when he testifies Thursday, according to a prepar‚Ä¶ https://t.co/ft8kbhUhQ3",-0.3818,0.151,0.588,0.261,21
221,@CNN,Wed Sep 26 16:42:07 +0000 2018,Is Bitcoin about to turn around? Galaxy Digital CEO Mike Novogratz thinks it's time to believe in cryptocurrencies‚Ä¶ https://t.co/f9iwkgKpSQ,0.0,0.0,1.0,0.0,22
222,@CNN,Wed Sep 26 16:39:06 +0000 2018,"Second Kavanaugh accuser Deborah Ramirez has 'no agenda' and is 'willing to cooperate,' her attorney says‚Ä¶ https://t.co/16pWij1fki",-0.296,0.0,0.879,0.121,23
223,@CNN,Wed Sep 26 16:28:05 +0000 2018,"A third person has been infected with monkeypox in the UK, this time in a healthcare worker caring for a previous c‚Ä¶ https://t.co/kltwHubSgf",0.0,0.131,0.738,0.131,24
224,@CNN,Wed Sep 26 16:19:44 +0000 2018,"A Mediterranean diet -- rich in vegetables, fruits, nuts and fish -- could help lower a person's risk of depression‚Ä¶ https://t.co/1XYKyV99PV",0.1779,0.234,0.52,0.245,25
225,@CNN,Wed Sep 26 16:06:07 +0000 2018,"JUST IN: A woman has come forward with new allegations about Supreme Court nominee Brett Kavanaugh, accusing him of‚Ä¶ https://t.co/nUQOw8RCXa",0.4404,0.161,0.762,0.076,26
226,@CNN,Wed Sep 26 16:00:31 +0000 2018,"A dog lost part of her skull to cancer, so researchers 3D-printed a plate to replace it https://t.co/VZdqGWE4FX https://t.co/Hq65Ua8dV5",-0.7717,0.0,0.691,0.309,27
227,@CNN,Wed Sep 26 15:50:00 +0000 2018,Watch a rare gulper eel change its shape right before your eyes -- a unique method it uses to intimidate predators‚Ä¶ https://t.co/6GAK7RdeQu,-0.2023,0.0,0.913,0.087,28
228,@CNN,Wed Sep 26 15:41:00 +0000 2018,From political refugee to CEO ‚Äî @PeterGeorgescu lived the American Dream and is now calling on corporate America to‚Ä¶ https://t.co/Mjee70hQHK,0.25,0.1,0.9,0.0,29
229,@CNN,Wed Sep 26 15:30:09 +0000 2018,The Trump lawyers you don't see are the ones driving dealings with Robert Mueller https://t.co/bPFWNp2aEm https://t.co/w0fsnextrp,0.0,0.0,1.0,0.0,30
230,@CNN,Wed Sep 26 15:22:27 +0000 2018,Are you voting for the first time this November? Post a video to Instagram telling us what‚Äôs motivating you and use‚Ä¶ https://t.co/pXPFJS2G54,0.4939,0.138,0.862,0.0,31
231,@CNN,Wed Sep 26 15:10:01 +0000 2018,"Hundreds of women die every year in Malawi as a result of the government's restrictive abortion laws.

In the absen‚Ä¶ https://t.co/kQNVReefhu",-0.5994,0.0,0.83,0.17,32
232,@CNN,Wed Sep 26 15:00:07 +0000 2018,First lady Melania Trump is set to outline her first major solo trip abroad. https://t.co/ItjBCvBO5z https://t.co/Oc9BdQ50ON,0.0,0.0,1.0,0.0,33
233,@CNN,Wed Sep 26 14:50:07 +0000 2018,"A Mediterranean diet -- rich in vegetables, fruits, nuts and fish -- could help lower a person's risk of depression‚Ä¶ https://t.co/2b0mN40etP",0.1779,0.234,0.52,0.245,34
234,@CNN,Wed Sep 26 14:40:05 +0000 2018,"A third person has been infected with monkeypox in the UK, this time in a healthcare worker caring for a previous c‚Ä¶ https://t.co/8OCibFDkYi",0.0,0.131,0.738,0.131,35
235,@CNN,Wed Sep 26 14:30:00 +0000 2018,When this 18-year-old learned that young girls were skipping school because they couldn't afford menstrual products‚Ä¶ https://t.co/H8t0U6yeN1,0.0,0.0,1.0,0.0,36
236,@CNN,Wed Sep 26 14:20:05 +0000 2018,The UK's postal service is urging environmental campaigners to stop sending empty potato chip bags without an envel‚Ä¶ https://t.co/tNQPS9UXVg,-0.4588,0.0,0.81,0.19,37
237,@CNN,Wed Sep 26 14:10:04 +0000 2018,A 27-year-old Chinese national was arrested in Chicago Tuesday for allegedly spying on behalf of Beijing‚Ä¶ https://t.co/FMaolGpSYL,-0.4767,0.0,0.829,0.171,38
238,@CNN,Wed Sep 26 14:00:08 +0000 2018,The Chinese government has blocked a US Navy ship from docking in Hong Kong amid a growing diplomatic feud between‚Ä¶ https://t.co/hcd8kTmrBE,-0.4215,0.077,0.721,0.203,39
239,@CNN,Wed Sep 26 13:50:08 +0000 2018,Tinder is rolling out a new feature in India that gives women the option to prevent men from initiating a conversat‚Ä¶ https://t.co/XZSowsN7R9,0.0258,0.055,0.945,0.0,40
240,@CNN,Wed Sep 26 13:44:24 +0000 2018,Emmanuel Macron is auditioning to be leader of the free world | @kileycnn for @CNNopinion https://t.co/EqOsJ6ag5v https://t.co/uj7YdvPUX3,0.5106,0.18,0.82,0.0,41
241,@CNN,Wed Sep 26 13:34:45 +0000 2018,President Trump says he would have pushed Brett Kavanaugh's Supreme Court nomination through the Senate two weeks a‚Ä¶ https://t.co/fKEMCd7FPf,0.5574,0.167,0.833,0.0,42
242,@CNN,Wed Sep 26 13:25:42 +0000 2018,RT @CNNPolitics: Trump says the Senate Republicans ‚Äúcouldn‚Äôt be nicer‚Äù in the way they are handling Supreme Court nominee Brett Kavanaugh‚Äôs‚Ä¶,0.5574,0.153,0.847,0.0,43
243,@CNN,Wed Sep 26 13:22:31 +0000 2018,RT @CNNMoney: Bitcoin bull Mike Novogratz thinks cryptocurrencies hit bottom earlier this month and will rally 30% by the end of the year.‚Ä¶,0.0,0.0,1.0,0.0,44
244,@CNN,Wed Sep 26 13:10:05 +0000 2018,"A Mediterranean diet -- rich in vegetables, fruits, nuts and fish -- could help lower a person's risk of depression‚Ä¶ https://t.co/021MeaPw8D",0.1779,0.234,0.52,0.245,45
245,@CNN,Wed Sep 26 13:00:07 +0000 2018,Democrats have hijacked #MeToo for political gain | @carriesheffield for @CNNopinion https://t.co/rKTNmxj3w9 https://t.co/h9gkgaa3EF,0.5267,0.236,0.764,0.0,46
246,@CNN,Wed Sep 26 12:50:03 +0000 2018,Read the sworn declarations submitted to the Senate Judiciary Committee in support of Christine Blasey Ford:‚Ä¶ https://t.co/xPFsWdDTlp,0.4019,0.144,0.856,0.0,47
247,@CNN,Wed Sep 26 12:40:00 +0000 2018,This Texan might be America‚Äôs first Filipina in Congress. Gina Ortiz Jones is an LGBTQ Iraq war vet who wants to pr‚Ä¶ https://t.co/bzXZyXfv6Y,-0.5994,0.0,0.849,0.151,48
248,@CNN,Wed Sep 26 12:30:11 +0000 2018,How to make technology a force for good | Dipayan Ghosh and Ben Scott for @CNNopinion https://t.co/HHFL6Fl4jd https://t.co/2vp6QaWYfW,0.4404,0.162,0.838,0.0,49
249,@CNN,Wed Sep 26 12:20:08 +0000 2018,"A third person has been infected with monkeypox in the UK, this time in a healthcare worker caring for a previous c‚Ä¶ https://t.co/qFJ54iUdoI",0.0,0.131,0.738,0.131,50
250,@CNN,Wed Sep 26 12:10:00 +0000 2018,"Today's top business headlines with @ChristineRomans before the opening bell on Wall Street:

- US trade official:‚Ä¶ https://t.co/JbVwcEQmbK",0.2023,0.101,0.899,0.0,51
251,@CNN,Wed Sep 26 12:00:02 +0000 2018,"Boxer Victor Ortiz has been arrested after a woman told authorities he sexually assaulted her at a home in Oxnard,‚Ä¶ https://t.co/haZqkOvILH",-0.7579,0.0,0.723,0.277,52
252,@CNN,Wed Sep 26 11:50:04 +0000 2018,"Hundreds of women die every year in Malawi as a result of the government's restrictive abortion laws.

In the absen‚Ä¶ https://t.co/LHQ5RuaBcC",-0.5994,0.0,0.83,0.17,53
253,@CNN,Wed Sep 26 11:40:07 +0000 2018,Iran can afford to play a waiting game with President Trump | Analysis by @npwcnn https://t.co/H2bvPnCTXA https://t.co/RO54gA71d6,0.34,0.146,0.854,0.0,54
254,@CNN,Wed Sep 26 11:30:09 +0000 2018,The UK's postal service is urging environmental campaigners to stop sending empty potato chip bags without an envel‚Ä¶ https://t.co/Wv9JLPTiCq,-0.4588,0.0,0.81,0.19,55
255,@CNN,Wed Sep 26 11:26:31 +0000 2018,"RT @NewDay: ""He is frustrated by this process ... This is a President for whom TV is a very special medium, as we know, and he is aware tha‚Ä¶",-0.1045,0.095,0.796,0.108,56
256,@CNN,Wed Sep 26 11:20:10 +0000 2018,A 27-year-old Chinese national was arrested in Chicago Tuesday for allegedly spying on behalf of Beijing‚Ä¶ https://t.co/YEwHv2zoGm,-0.4767,0.0,0.829,0.171,57
257,@CNN,Wed Sep 26 11:11:02 +0000 2018,World's first Boeing 777 retires to Arizona air museum https://t.co/JOoQ30IYBT https://t.co/PgxjEspqCF,0.0,0.0,1.0,0.0,58
258,@CNN,Wed Sep 26 11:10:08 +0000 2018,"The Tennessee Democrat running to represent the state in the US Senate, says that he would not vote for Senate Mino‚Ä¶ https://t.co/JSEtp2xGg5",0.0,0.0,1.0,0.0,59
259,@CNN,Wed Sep 26 11:04:05 +0000 2018,"China's deputy trade negotiator on challenges facing negotiations with the US: ""How could you negotiate with someon‚Ä¶ https://t.co/hzudRcHIXp",0.0772,0.071,0.929,0.0,60
260,@CNN,Wed Sep 26 11:00:05 +0000 2018,"5 things for Wednesday:

- United Nations
- Brett Kavanaugh
- Bill Cosby
- China
- Ebola

https://t.co/8WB2ljXuzM https://t.co/oM4xBKlB9H",0.4215,0.189,0.811,0.0,61
261,@CNN,Wed Sep 26 10:57:07 +0000 2018,"""The rules are the rules."" World No 1 Simona Halep on the controversial US Open final between Serena Williams and N‚Ä¶ https://t.co/bt3ohmdAPa",-0.4588,0.0,0.826,0.174,62
262,@CNN,Wed Sep 26 10:50:33 +0000 2018,"""It was just raw. It wasn't -- it's not who we are."" Speaking at an event in Philadelphia, Former Vice President Jo‚Ä¶ https://t.co/kKGMFD8YEG",0.0,0.0,1.0,0.0,63
263,@CNN,Wed Sep 26 10:50:02 +0000 2018,"German abuse survivors say Church's $5,900 'recognition fee' is not justice https://t.co/R5d2cDRFNY https://t.co/Q6XO2EuUne",-0.7891,0.0,0.612,0.388,64
264,@CNN,Wed Sep 26 10:43:06 +0000 2018,"It took a fight in court, but a 5-year-old girl will be allowed to bring her cannabis-based medicine to school and‚Ä¶ https://t.co/LbEtbUjwk3",-0.2023,0.0,0.913,0.087,65
265,@CNN,Wed Sep 26 10:40:07 +0000 2018,The Chinese government has blocked a US Navy ship from docking in Hong Kong amid a growing diplomatic feud between‚Ä¶ https://t.co/ZqBaVnXZkB,-0.4215,0.077,0.721,0.203,66
266,@CNN,Wed Sep 26 10:37:14 +0000 2018,This is the moment a 19-year-old Indonesian was rescued after drifting at sea for 49 days on a small wooden fishing‚Ä¶ https://t.co/JPJIOLRkMe,0.4215,0.128,0.872,0.0,67
267,@CNN,Wed Sep 26 10:30:09 +0000 2018,"14 years and two trials later, Bill Cosby is led away in handcuffs https://t.co/olxL36pClH https://t.co/9X9OBo8FWi",0.0,0.0,1.0,0.0,68
268,@CNN,Wed Sep 26 10:29:06 +0000 2018,Pope Francis admits the Catholic Church has lost credibility over sex abuse scandal https://t.co/Wt1VEc7JMn https://t.co/egXamhsGVE,-0.802,0.097,0.487,0.416,69
269,@CNN,Wed Sep 26 10:22:06 +0000 2018,Tinder is rolling out a new feature in India that gives women the option to prevent men from initiating a conversat‚Ä¶ https://t.co/dxT6udbwgh,0.0258,0.055,0.945,0.0,70
270,@CNN,Wed Sep 26 10:20:03 +0000 2018,The House is set to vote Wednesday on a massive spending package that funds a large section of government and aims‚Ä¶ https://t.co/lkqHxPUgfq,0.0,0.0,1.0,0.0,71
271,@CNN,Wed Sep 26 10:15:02 +0000 2018,"The grizzly bears of Yellowstone National Park will be spared from a proposed trophy hunt, thanks to a ruling by a‚Ä¶ https://t.co/RCU86nMmFs",0.4404,0.132,0.868,0.0,72
272,@CNN,Wed Sep 26 10:08:04 +0000 2018,"Twitter wants to weed out dehumanizing language on its platform -- but before it rolls out a policy change, it is a‚Ä¶ https://t.co/nQUJhIrApC",-0.296,0.0,0.905,0.095,73
273,@CNN,Wed Sep 26 10:01:02 +0000 2018,Certain macadamia nut products produced by the company Mauna Loa have been voluntarily recalled due to potential E.‚Ä¶ https://t.co/329UOOMKD4,0.2732,0.104,0.896,0.0,74
274,@CNN,Wed Sep 26 09:54:04 +0000 2018,4-year-old Florence didn't like sharing her name with a bad hurricane. So she did something about it.‚Ä¶ https://t.co/wcdfH7LgGJ,-0.7871,0.0,0.638,0.362,75
275,@CNN,Wed Sep 26 09:47:03 +0000 2018,"A beluga whale has been spotted swimming in the River Thames, sparking fears that the creature is in danger‚Ä¶ https://t.co/vg3Xv8cEbH",-0.4215,0.0,0.865,0.135,76
276,@CNN,Wed Sep 26 09:40:06 +0000 2018,"Violence against the Rohingya in Myanmar's northern Rakhine State was ""extreme, large-scale, widespread, and seemin‚Ä¶ https://t.co/kJM6DziBMf",-0.6249,0.0,0.785,0.215,77
277,@CNN,Wed Sep 26 09:33:06 +0000 2018,"The Trump administration is opening ""a comprehensive review of all research involving fetal tissue"" and canceling a‚Ä¶ https://t.co/xU6vge2UsS",0.25,0.105,0.895,0.0,78
278,@CNN,Wed Sep 26 09:26:04 +0000 2018,"The US Marine Corps' stealth F-35B Lightning fighter jet could fly its first combat mission within days, according‚Ä¶ https://t.co/exyFmZHDZX",-0.2732,0.075,0.751,0.174,79
279,@CNN,Wed Sep 26 09:19:03 +0000 2018,"""Because his routines were so personal, and his recollections so vivid, it was easy for fans to feel like they knew‚Ä¶ https://t.co/cL3PK5LnRZ",0.6597,0.213,0.787,0.0,80
280,@CNN,Wed Sep 26 09:12:08 +0000 2018,Nonprofit organizations are taking to the courts to try to stop an Interior Department project that would sterilize‚Ä¶ https://t.co/eIhfjLHgnX,-0.296,0.0,0.891,0.109,81
281,@CNN,Wed Sep 26 09:05:08 +0000 2018,"Pope Francis said young Catholics are ""scandalized"" by the Catholic Church's ""monstrous"" clergy sexual abuse crisis‚Ä¶ https://t.co/Ib3bA0SVTG",-0.6369,0.0,0.792,0.208,82
282,@CNN,Wed Sep 26 08:58:02 +0000 2018,This is the cultural dilemma of Bill Cosby's fall | By Gene Seymour via @CNNOpinion https://t.co/202um9zz6g https://t.co/fgHMXANC6e,-0.1779,0.0,0.898,0.102,83
283,@CNN,Wed Sep 26 08:51:04 +0000 2018,"A dog lost part of her skull to cancer, so researchers 3D-printed a plate to replace it https://t.co/NtspkFV62N https://t.co/JjfbulvWci",-0.7717,0.0,0.691,0.309,84
284,@CNN,Wed Sep 26 08:44:06 +0000 2018,Nike wants investors to know that its business' strength extends beyond Colin Kaepernick. The company delivered str‚Ä¶ https://t.co/xnrcIXQKFm,0.5719,0.227,0.773,0.0,85
285,@CNN,Wed Sep 26 08:37:06 +0000 2018,"Researchers used a gene editing tool to wipe out a population of malaria-carrying mosquitoes in a lab, raising the‚Ä¶ https://t.co/xisKgUbXEe",0.0,0.0,1.0,0.0,86
286,@CNN,Wed Sep 26 08:32:08 +0000 2018,Underdogs Derby County stun Manchester United in the Carabao Cup winning 8-7 on penalties as Frank Lampard triumphs‚Ä¶ https://t.co/gbZMLQBdQS,0.7351,0.267,0.733,0.0,87
287,@CNN,Wed Sep 26 08:30:49 +0000 2018,"Where American or European companies could once expect to find an enormous market hungry for their products, changi‚Ä¶ https://t.co/EjeNmI1yWh",0.0,0.0,1.0,0.0,88
288,@CNN,Wed Sep 26 08:22:10 +0000 2018,"US national security adviser John Bolton issued a stark warning to Iran Tuesday, demanding changes in Tehran's beha‚Ä¶ https://t.co/fUxOR1IiGq",-0.2263,0.111,0.691,0.198,89
289,@CNN,Wed Sep 26 08:15:43 +0000 2018,There's a big push in 2018 to get young people to register to vote https://t.co/2wlwrwWogk https://t.co/VjxGlLSHzm,0.0,0.0,1.0,0.0,90
290,@CNN,Wed Sep 26 08:05:10 +0000 2018,India's new Pakyong Airport just opened in these incredible Himalayan surroundings https://t.co/u9zLdAL7Ts https://t.co/naDdupq27f,0.0,0.0,1.0,0.0,91
291,@CNN,Wed Sep 26 08:01:00 +0000 2018,"A woman who's paralyzed from the chest down can now consciously control her ability to walk, researchers say, thank‚Ä¶ https://t.co/zt2J1KBBuX",0.3182,0.113,0.887,0.0,92
292,@CNN,Wed Sep 26 07:54:20 +0000 2018,"If FBI investigated allegation against Kavanaugh, here's what it would do | @JamesAGagliano for @CNNopinion‚Ä¶ https://t.co/3nrt82Q6Wf",0.0,0.0,1.0,0.0,93
293,@CNN,Wed Sep 26 07:43:42 +0000 2018,"Former Vice President Joe Biden, speaking at an event in Philadelphia, labeled President Trump's response to Sen. J‚Ä¶ https://t.co/kjGCAniXVX",0.0,0.0,1.0,0.0,94
294,@CNN,Wed Sep 26 07:32:56 +0000 2018,"Mexican state and federal authorities took control of Acapulco's entire police force, after suspicions arose that c‚Ä¶ https://t.co/5STRouAJCt",-0.3612,0.0,0.872,0.128,95
295,@CNN,Wed Sep 26 07:31:04 +0000 2018,4-year-old Florence didn't like sharing her name with a bad hurricane. So she did something about it.‚Ä¶ https://t.co/dvIyuuOggE,-0.7871,0.0,0.638,0.362,96
296,@CNN,Wed Sep 26 07:20:37 +0000 2018,"Just call it Dunkin'. Starting in January, Dunkin' Donuts will drop the ""Donuts"" from ads, packages and signage at‚Ä¶ https://t.co/dozPVz4rox",-0.2732,0.0,0.9,0.1,97
297,@CNN,Wed Sep 26 07:10:12 +0000 2018,"""The #MeToo reckoning is still coming ‚Äî not just for the prominent men who use their power to exploit others, but a‚Ä¶ https://t.co/Phr4JdZD5Z",0.1154,0.072,0.875,0.053,98
298,@CNN,Wed Sep 26 07:01:00 +0000 2018,This Ohio town celebrated Christmas a few months early this year for a 2-year-old with brain cancer‚Ä¶ https://t.co/kLk0pe3oUT,0.5719,0.198,0.802,0.0,99
299,@CNN,Wed Sep 26 06:59:30 +0000 2018,The first man to be prosecuted under France's new catcalling law has been given a ‚Ç¨300 fine (about $353) for sexual‚Ä¶ https://t.co/OCFXbEDsUQ,-0.2023,0.077,0.812,0.111,100
300,@Fox,Wed Sep 26 00:47:03 +0000 2018,"If you‚Äôre interested in building a more welcoming Web, web performance, user experience, contributing in many areas‚Ä¶ https://t.co/DEjPCYO61S",0.7089,0.282,0.718,0.0,1
301,@Fox,Wed Sep 26 00:44:28 +0000 2018,"üö® @calibreapp is hiring (remote). @benschwarz is one of the most passionate people, deeply caring about building a‚Ä¶ https://t.co/TvvTzTKtJz",0.8012,0.31,0.69,0.0,2
302,@Fox,Mon Sep 10 15:57:26 +0000 2018,"RT @lehudgins: ""I don't believe in equal opportunity offense because there isn't equal opportunity."" -@harikondabolu

#xoxofest2018",0.2023,0.149,0.745,0.106,3
303,@Fox,Mon Sep 10 15:57:15 +0000 2018,RT @GermanCityGirl: ‚ÄúThere‚Äôs no goddamned thought police or so many white men would be arrested by now.‚Äù - @harikondabolu #XOXOFest #xoxo,-0.7964,0.0,0.677,0.323,4
304,@Fox,Sun Sep 09 23:03:46 +0000 2018,RT @jina: I'm tired of people saying that CSS is a useless skill to have. I built up my whole career around it and I'm proud of the work I'‚Ä¶,-0.3818,0.092,0.74,0.169,5
305,@Fox,Sat Sep 08 23:41:17 +0000 2018,RT @femfreq: Great advice from @ContraPoints üòÇüòâ #XOXOFest #xoxo https://t.co/JxCOcxLNQ7,0.6249,0.313,0.687,0.0,6
306,@Fox,Fri Sep 07 02:23:15 +0000 2018,"After so many years, I‚Äôm finally here, ready to undeniably be blown away. üíô @andymcmillan and @waxpancake for bring‚Ä¶ https://t.co/j0vihTKMTN",0.3612,0.122,0.878,0.0,7
307,@Fox,Fri Sep 07 01:57:50 +0000 2018,@jennschiffer hi Jenn look right,0.0,0.0,1.0,0.0,8
308,@Fox,Wed Sep 05 21:35:33 +0000 2018,"@ohhoe @alicegoldfuss pok pok, bollywood theather, woodsman tavern, harlow, good coffee, coava coffee, stumptown, s‚Ä¶ https://t.co/aHWKgPpSTR",0.4404,0.162,0.838,0.0,9
309,@Fox,Wed Sep 05 21:32:37 +0000 2018,@paulozoom the only suitable plan seems to be ice cream?,0.0,0.0,1.0,0.0,10
310,@Fox,Wed Sep 05 21:29:31 +0000 2018,@alicegoldfuss @ohhoe here to provide recommendations if anyone needs some! especially in SE ‚úåüèª,0.0,0.0,1.0,0.0,11
311,@Fox,Wed Sep 05 21:28:35 +0000 2018,@paulozoom I see you creepin‚Äô in the SE üëãüèª,0.0,0.0,1.0,0.0,12
312,@Fox,Wed Sep 05 15:42:48 +0000 2018,@mrmrs_ I got u https://t.co/rWaFh4GOaW,0.0,0.0,1.0,0.0,13
313,@Fox,Tue Sep 04 17:44:58 +0000 2018,@amelielamont üôãüèª,0.0,0.0,1.0,0.0,14
314,@Fox,Mon Sep 03 23:11:00 +0000 2018,"@justkelly_ok omg, see you there!",0.0,0.0,1.0,0.0,15
315,@Fox,Mon Sep 03 22:37:42 +0000 2018,"I can‚Äôt even begin to grasp how many amazing people are going to be at @xoxo later this week. So excited!

Say hi, don‚Äôt be a stranger! üëãüèªüíñ",0.7951,0.228,0.772,0.0,16
316,@Fox,Thu Aug 30 00:10:58 +0000 2018,"RT @css: A new Chrome feature dubbed ""Blink LazyLoad"" is designed to dramatically improve performance by deferring the load of below-the-fo‚Ä¶",0.296,0.128,0.796,0.075,17
317,@Fox,Fri Aug 24 00:29:24 +0000 2018,"I‚Äôm so happy I work at a company that deeply cares about, tracks, stays humble and makes no excuses for pitfalls in‚Ä¶ https://t.co/IgZJlMkP07",0.7258,0.265,0.655,0.08,18
318,@Fox,Wed Aug 22 03:39:28 +0000 2018,"RT @fox: üëãüèªI‚Äôm selling a bit of Apple gear in excellent condition, Melbourne only. Retweets welcome. Reply or email if you‚Äôre interested.‚Ä¶",0.7717,0.261,0.739,0.0,19
319,@Fox,Tue Aug 21 23:51:22 +0000 2018,"A friendly reminder that Guetzli, Google‚Äôs open source JPEG encoder, might be slower but can yield even up to 50% a‚Ä¶ https://t.co/FN26irQYi8",0.2732,0.095,0.905,0.0,20
320,@Fox,Mon Aug 20 23:03:43 +0000 2018,"Lazy loading content can be a very powerful performance strategy. Unfortunately, often it‚Äôs complicated to implemen‚Ä¶ https://t.co/ZHbSmxFB25",-0.204,0.147,0.619,0.233,21
321,@Fox,Mon Aug 20 00:00:09 +0000 2018,"üëãüèªI‚Äôm selling a bit of Apple gear in excellent condition, Melbourne only. Retweets welcome. Reply or email if you‚Äôr‚Ä¶ https://t.co/Kift5NHw9e",0.7717,0.283,0.717,0.0,22
322,@Fox,Thu Aug 09 04:56:06 +0000 2018,"@j2h @benschwarz I get off twitter and this is what happens? what is this bromance, Josh??? should I feel threatened? üòÇ",-0.6072,0.0,0.811,0.189,23
323,@Fox,Wed Aug 08 02:12:41 +0000 2018,"We all need a bit of good news in those disturbing times‚Äîhere‚Äôs where @goodgoodgood delivers. 

https://t.co/T5qhMKd4aY",-0.1027,0.151,0.677,0.172,24
324,@Fox,Wed Aug 08 02:10:53 +0000 2018,"I travel a bit and carefully choose where I stay, eat and go (uh, the designer struggle). I üòç @sabrina‚Äôs‚Ä¶ https://t.co/f43vmBg3DW",0.128,0.091,0.909,0.0,25
325,@Fox,Wed Aug 08 02:08:41 +0000 2018,I‚Äôve recently subscribed to @jkglei‚Äôs newsletter and never looked back. Love the focus on thoughtful technology and‚Ä¶ https://t.co/m28bMmSEBV,-0.1945,0.118,0.728,0.153,26
326,@Fox,Wed Aug 08 02:07:07 +0000 2018,"If customer success, culture, growth and product are your jam, I couldn‚Äôt recommend @helpscout‚Äôs newsletters more.‚Ä¶ https://t.co/8ji9mKMLeX",0.8316,0.404,0.596,0.0,27
327,@Fox,Wed Aug 08 01:59:38 +0000 2018,"I have been enjoying @intercom newsletters for product, marketing and startup tips. The quality has always been ama‚Ä¶ https://t.co/fA9fw1KXIt",0.5267,0.167,0.833,0.0,28
328,@Fox,Wed Aug 08 01:57:04 +0000 2018,"The Daily Good from @thegoodtrade covers conscious, sustainable fashion, wellbeing, beauty, food, lifestyle and tra‚Ä¶ https://t.co/qmAOyGcm9i",0.7717,0.324,0.676,0.0,29
329,@Fox,Wed Aug 08 01:54:45 +0000 2018,Friday is one of my favourite days because of @girlsnightinHQ. A perfect encapsulation of self-care and womanhood.‚Ä¶ https://t.co/HhI1mGfXe8,0.5719,0.188,0.812,0.0,30
330,@Fox,Wed Aug 08 01:50:21 +0000 2018,"I love @offscreenmag Dispatch. Great productivity tools, services and design objects all wrapped up in a lovely des‚Ä¶ https://t.co/lR8tsWKGNw",0.9201,0.464,0.536,0.0,31
331,@Fox,Wed Aug 08 01:48:16 +0000 2018,Here are my favourite newsletters (it‚Äôs now the primary way I discover content as I‚Äôve mostly ditched reading social media). ‚Üì,0.0,0.0,1.0,0.0,32
332,@Fox,Tue Aug 07 23:32:22 +0000 2018,RT @6Gems: Black women are paid 38% less than white men. I support equal pay‚Äîbecause #38PercentCounts. https://t.co/mXFOdcL8Q3,0.4019,0.153,0.847,0.0,33
333,@Fox,Tue Aug 07 23:32:15 +0000 2018,"If you‚Äôre up for a conference-grade talk about UX and groundbreaking performance strategies, come to see‚Ä¶ https://t.co/x2sghiw62F",0.0,0.0,1.0,0.0,34
334,@Fox,Tue Aug 07 23:28:56 +0000 2018,"RT @Calibreapp: Scheduler 2.0

Our longest standing feature request was to improve Calibre‚Äôs test scheduler. That‚Äôs exactly what we‚Äôve done‚Ä¶",0.4404,0.132,0.868,0.0,35
335,@Fox,Tue Aug 07 23:06:06 +0000 2018,"RT @fox: Hey #dddperth, here are the slides with all the references from my keynote about building a welcoming, ethical Web! Transcript com‚Ä¶",0.7574,0.245,0.755,0.0,36
336,@Fox,Sat Aug 04 03:47:44 +0000 2018,"@LNRBLB thank you, Eleanor! üéâ",0.4199,0.482,0.518,0.0,37
337,@Fox,Sat Aug 04 03:27:03 +0000 2018,@cckate thank you! üíñ,0.4199,0.583,0.417,0.0,38
338,@Fox,Sat Aug 04 03:12:25 +0000 2018,"Hey #dddperth, here are the slides with all the references from my keynote about building a welcoming, ethical Web!‚Ä¶ https://t.co/hPilGINzyI",0.7574,0.276,0.724,0.0,39
339,@Fox,Sat Aug 04 03:05:32 +0000 2018,"@Chisa omg, this is so great! thank you, Teresa! üòç",0.8626,0.551,0.449,0.0,40
340,@Fox,Sat Aug 04 03:04:39 +0000 2018,RT @andreabedini: I am extremely grateful to @fox for showing me today how technology became anti-human while we weren‚Äôt paying attention.‚Ä¶,0.5095,0.148,0.852,0.0,41
341,@Fox,Sat Aug 04 03:04:32 +0000 2018,"@andreabedini thank you, Andrea! I‚Äôm glad you‚Äôve found it useful!",0.8395,0.562,0.438,0.0,42
342,@Fox,Sat Aug 04 03:03:40 +0000 2018,"@evandotly thank you, Evan! üå∏",0.4199,0.482,0.518,0.0,43
343,@Fox,Sat Aug 04 03:03:16 +0000 2018,RT @msandfor: #dddperth We must build ethical thinking into the way we build software https://t.co/F4QKYOVT1p,0.5106,0.191,0.809,0.0,44
344,@Fox,Sat Aug 04 03:03:07 +0000 2018,RT @MichelePlayfair: Thread ‚òùÔ∏è‚òùÔ∏è 8 principles of ethics in tech from @fox at #DDDPerth üëè,0.0,0.0,1.0,0.0,45
345,@Fox,Sat Aug 04 03:02:36 +0000 2018,@samwilson yes :),0.6908,0.851,0.149,0.0,46
346,@Fox,Sat Aug 04 03:01:15 +0000 2018,"RT @Amys_Kapers: Until anyone can survive and thrive on the web, no matter their background, gender, ethnicity, etc, the web isn't a welcom‚Ä¶",-0.2732,0.047,0.858,0.094,47
347,@Fox,Sat Aug 04 03:00:55 +0000 2018,RT @MichelePlayfair: . @fox dropping the keynote truth bombs at #dddperth https://t.co/RKAgOSozMB,0.3182,0.187,0.813,0.0,48
348,@Fox,Sat Aug 04 03:00:48 +0000 2018,"RT @Mandy_Kerr: ‚ÄúDisruption isn‚Äôt a getaway free card to bypass laws, freedoms, moral compass, civil rights and human protections‚Äù - @fox #‚Ä¶",0.6705,0.234,0.766,0.0,49
349,@Fox,Sat Aug 04 02:43:00 +0000 2018,RT @Chisa: TOO much good stuff from @Fox @dddperth #dddperth https://t.co/XVI1DHGQdd,0.4404,0.225,0.775,0.0,50
350,@Fox,Sat Aug 04 02:42:39 +0000 2018,RT @kylietimpani: I cannot applaud or amplify @fox‚Äôs message enough: the web is at a crisis point. Tech is unethical. Exclusionary. A platf‚Ä¶,-0.8714,0.0,0.632,0.368,51
351,@Fox,Sat Aug 04 02:42:17 +0000 2018,RT @Caiwrote: @fox laying down some truths #DDDPerth https://t.co/o2eJNcU5UQ,0.4215,0.259,0.741,0.0,52
352,@Fox,Sat Aug 04 02:41:59 +0000 2018,"RT @Mandy_Kerr: ‚ÄúTechnology should be a mindful, quiet companion to our lives‚Äù - @fox #DDDPerth https://t.co/vB6wBAdqvr",0.0,0.0,1.0,0.0,53
353,@Fox,Sat Aug 04 02:41:51 +0000 2018,"RT @LJKenward: Opening #DDDPerth is the incredible @fox with Towards a welcoming Web.

The Pitfalls of Technology:

Move fast and break thi‚Ä¶",0.4404,0.127,0.873,0.0,54
354,@Fox,Fri Aug 03 08:49:38 +0000 2018,I forgot that Twitter is the epicentre of harassment and anxiety-inducing content. Back to sharing via Buffer and n‚Ä¶ https://t.co/jiBOURbIKk,-0.1779,0.12,0.73,0.15,55
355,@Fox,Fri Aug 03 08:20:43 +0000 2018,"RT @evan_greer: Sarah Jeong is a badass &amp; reverse racism is not a thing
 Sarah Jeong is a badass &amp; reverse racism is not a thing
 Sarah Jeo‚Ä¶",-0.886,0.0,0.637,0.363,56
356,@Fox,Fri Aug 03 07:24:56 +0000 2018,"It‚Äôs a privilege to be opening #dddperth tomorrow morning! Come and find out how to build an ethical, welcoming Web‚Ä¶ https://t.co/eC1xTFZ3YR",0.8398,0.346,0.654,0.0,57
357,@Fox,Fri Aug 03 07:21:15 +0000 2018,RT @verge: A note from the editors of The Verge https://t.co/B3wF4dNukg https://t.co/fhgvH9WlkC,0.0,0.0,1.0,0.0,58
358,@Fox,Thu Aug 02 04:10:03 +0000 2018,"What are your favourite newsletters covering the following subjects: tech, design, front-end, culture, design objects, travel, well-being?",0.0,0.0,1.0,0.0,59
359,@Fox,Wed Aug 01 22:42:57 +0000 2018,"@soxyface Thank you, it was lovely meeting you! üíê",0.7644,0.524,0.476,0.0,60
360,@Fox,Wed Aug 01 21:37:21 +0000 2018,"@sentience Thank you! I really enjoyed yours too! 

I‚Äôm doing a 45-min version at @DDDPerth this weekend that has m‚Ä¶ https://t.co/Drn3ODuLx2",0.7702,0.282,0.718,0.0,61
361,@Fox,Wed Aug 01 06:18:32 +0000 2018,@soxyface @MsJonesInSydney here are the slides with all the references. üôáüèª‚Äç‚ôÄÔ∏è I will publish a transcript next week! https://t.co/EcSUpoi0Rw,0.0,0.0,1.0,0.0,62
362,@Fox,Wed Aug 01 06:16:28 +0000 2018,@marcosc thank you! üôáüèª‚Äç‚ôÄÔ∏è,0.4199,0.482,0.518,0.0,63
363,@Fox,Wed Aug 01 06:13:13 +0000 2018,"RT @MsJonesInSydney: The theme at #Code18 #CodeLeaders is strong! @fox is currently highlighting algorithmic bias, tech ethics and exclusio‚Ä¶",0.4926,0.163,0.773,0.064,64
364,@Fox,Wed Aug 01 06:12:58 +0000 2018,"@DivZero_ indeed, it‚Äôs all challenging and often depressing, but if we don‚Äôt take action it won‚Äôt get any better. i‚Ä¶ https://t.co/lldW02OHPv",0.5187,0.206,0.721,0.072,65
365,@Fox,Wed Aug 01 02:35:19 +0000 2018,"So refreshing to hear @johnallsopp reminding about inclusion, diversity and sharing knowledge around these subjects‚Ä¶ https://t.co/Ink4d4W7m5",0.4215,0.157,0.843,0.0,66
366,@Fox,Wed Aug 01 02:32:40 +0000 2018,"Well, @msjonesinsydney definitely knows how to drop the mic on horrifying diversity and inclusion stats. 

A fantas‚Ä¶ https://t.co/GeLolnfgEm",-0.25,0.203,0.551,0.246,67
367,@Fox,Wed Aug 01 02:18:01 +0000 2018,@benschwarz nooo pressure whatsoever,-0.296,0.0,0.577,0.423,68
368,@Fox,Wed Aug 01 02:03:31 +0000 2018,That moment when a white guy says ‚Äùthere aren‚Äôt many women developers‚Äù and you cross eyes with any other woman in t‚Ä¶ https://t.co/033oMUbEl8,0.0,0.0,1.0,0.0,69
369,@Fox,Wed Aug 01 01:53:15 +0000 2018,@Mandy_Kerr the winds have been gracious,0.5574,0.419,0.581,0.0,70
370,@Fox,Tue Jul 31 23:27:35 +0000 2018,@soxyface thank you! I‚Äôm hydrating ‚õ≤Ô∏è,0.4199,0.358,0.642,0.0,71
371,@Fox,Tue Jul 31 22:58:07 +0000 2018,"I‚Äôll be speaking at @webdirections Code Leaders today at 3.30pm (if I don‚Äôt lose my voice in the meantime üòÇü§ß).

Com‚Ä¶ https://t.co/oh0yLrEE0F",-0.4019,0.0,0.881,0.119,72
372,@Fox,Thu Jul 19 22:21:10 +0000 2018,One of the reasons I‚Äôm so excited to be a part of @helpscout is the commitment to building an inclusive culture wit‚Ä¶ https://t.co/6H6GDJ1TON,0.6924,0.222,0.778,0.0,73
373,@Fox,Wed Jul 11 21:30:06 +0000 2018,More Boston snaps. https://t.co/NCcWPSV8yX,0.0,0.0,1.0,0.0,74
374,@Fox,Mon Jul 09 23:35:49 +0000 2018,"RT @helpscout: Said it once, we'll keep saying it: we are thrilled to add you to the team @fox! ü¶ä https://t.co/bKc6GSq6tR",0.4926,0.144,0.856,0.0,75
375,@Fox,Mon Jul 09 20:12:02 +0000 2018,"@mattopsahl lol, offensive",-0.0516,0.412,0.147,0.441,76
376,@Fox,Mon Jul 09 19:43:29 +0000 2018,"@tompedals yay, hello, hi! üëãüèª",0.5707,0.48,0.52,0.0,77
377,@Fox,Mon Jul 09 19:43:13 +0000 2018,"@madalynrose thanks, Madalyn. üíñ",0.4404,0.592,0.408,0.0,78
378,@Fox,Mon Jul 09 19:43:04 +0000 2018,"@andymcmillan weee, thank you!!",0.4738,0.507,0.493,0.0,79
379,@Fox,Mon Jul 09 19:42:56 +0000 2018,@jennwrites üíñüíñüíñ,0.0,0.0,1.0,0.0,80
380,@Fox,Mon Jul 09 19:42:42 +0000 2018,@paulozoom thank you! it is awesome :),0.8718,0.712,0.288,0.0,81
381,@Fox,Mon Jul 09 19:42:27 +0000 2018,@brianloveswords thank you üôáüèª‚Äç‚ôÄÔ∏è,0.3612,0.455,0.545,0.0,82
382,@Fox,Mon Jul 09 19:42:10 +0000 2018,"@patrickhamann thanks, Patrick! üíñ",0.4926,0.615,0.385,0.0,83
383,@Fox,Mon Jul 09 19:41:56 +0000 2018,@lynnandtonic thank you and I will miss you!,0.2942,0.297,0.532,0.17,84
384,@Fox,Mon Jul 09 17:17:20 +0000 2018,"@patrickbjohnson nah, only here for a week. travelling alone so don‚Äôt want to make it a very long trip (hashtag anx‚Ä¶ https://t.co/sdzeg7AUmr",-0.2075,0.072,0.773,0.155,85
385,@Fox,Mon Jul 09 17:06:00 +0000 2018,"@lrnrd thanks, bb üíñ",0.4404,0.592,0.408,0.0,86
386,@Fox,Mon Jul 09 13:04:47 +0000 2018,"@jstn Oh yeah, Coava, Stumptown and Good Coffee are my long standing favs!",0.6588,0.329,0.671,0.0,87
387,@Fox,Mon Jul 09 13:00:00 +0000 2018,"I‚Äôm so spoiled by Melbourne standards I literally cannot drink this liquid that was just served to me as coffee

üòÇüíÄ",0.0,0.0,1.0,0.0,88
388,@Fox,Mon Jul 09 12:42:20 +0000 2018,"I‚Äôm excited to share that today is my first day at @helpscout as a front-end engineer on the design team, which is‚Ä¶ https://t.co/LrW8L2lBcq",0.5574,0.187,0.813,0.0,89
389,@Fox,Mon Jul 09 08:03:22 +0000 2018,"Here lies Karolina, defeated by jetlag after mere three hours of sleep.",-0.7096,0.0,0.629,0.371,90
390,@Fox,Sun Jul 08 19:48:49 +0000 2018,@andrewvijay Everywhere to be honest. That particular one was in the US. That mostly doesn‚Äôt happen in Australia.,0.5106,0.163,0.837,0.0,91
391,@Fox,Sun Jul 08 19:48:11 +0000 2018,@mctrebo Boston,0.0,0.0,1.0,0.0,92
392,@Fox,Sun Jul 08 19:45:15 +0000 2018,"@LukesBeard It‚Äôs the most annoying thing that all social media, including Instagram, butchers the quality of photos‚Ä¶ https://t.co/7y8A7IuLcT",-0.4576,0.0,0.85,0.15,93
393,@Fox,Sun Jul 08 19:06:16 +0000 2018,"‚ÄúPerks‚Äù of traveling alone as a woman: being called ‚Äúhoney‚Äù in all restaurants/stores, being grabbed by the arm by‚Ä¶ https://t.co/ziCifcCI2x",-0.25,0.0,0.9,0.1,94
394,@Fox,Sun Jul 08 17:39:19 +0000 2018,@mattopsahl Oh! I did go to the Boston Common and Public Garden :) will check it out!,0.555,0.193,0.807,0.0,95
395,@Fox,Sun Jul 08 17:37:47 +0000 2018,@amyngyn tbh I specifically look for ‚Äúhealthy‚Äù recipes because I don‚Äôt want all of the sugar / butter / cream in my‚Ä¶ https://t.co/tEki0zBt8v,0.0772,0.067,0.933,0.0,96
396,@Fox,Sun Jul 08 17:34:51 +0000 2018,"Horribly jet lagged and battling anxiety, but Boston sure is pretty. ‚ù§Ô∏è https://t.co/IYfWZjvqLe",0.5499,0.346,0.334,0.32,97
397,@Fox,Sat Jul 07 15:23:42 +0000 2018,@jilljubs Omg me too but I‚Äôm also afraid,0.0,0.0,1.0,0.0,98
398,@Fox,Fri Jul 06 23:22:17 +0000 2018,"Excited to be going to @xoxo this year with @benschwarz! Portland holds a dear place in my heart. 

Can‚Äôt wait to c‚Ä¶ https://t.co/7s7h3Ti8sp",0.6476,0.209,0.791,0.0,99
399,@Fox,Fri Jul 06 23:06:03 +0000 2018,MEL ‚úàÔ∏è LAX ‚úàÔ∏è BOS,0.0,0.0,1.0,0.0,100
400,@NYTimes,Wed Sep 26 19:25:04 +0000 2018,"""You just want to get back home."" With Hurricane Florence still wreaking slow-motion havoc, evacuees across the Car‚Ä¶ https://t.co/vQdjFbPoDf",-0.5574,0.059,0.766,0.176,1
401,@NYTimes,Wed Sep 26 19:10:07 +0000 2018,"In Opinion,

Op-Ed contributor Mohammed Hanif writes of a bid to restart India-Pakistan talks, ""Within a matter of‚Ä¶ https://t.co/ejA0J3Giql",0.0258,0.064,0.936,0.0,2
402,@NYTimes,Wed Sep 26 18:56:25 +0000 2018,"‚ÄúPiano &amp; a Microphone 1983,‚Äù the first album released by the Prince estate with material from his immense archive,‚Ä¶ https://t.co/Xr3fyTuS9W",0.0,0.0,1.0,0.0,3
403,@NYTimes,Wed Sep 26 18:40:05 +0000 2018,Uber wants to give out $10 million to help cities reduce congestion and emissions. Critics say the company is part‚Ä¶ https://t.co/2O75MOQ9FZ,0.128,0.113,0.795,0.092,4
404,@NYTimes,Wed Sep 26 18:25:08 +0000 2018,"RT @MichaelPaulson: Broadway news: @birbigs is bringing ""The New One"" to the Cort Theater for nine weeks, starting 10/25. (The executive pr‚Ä¶",0.0,0.0,1.0,0.0,5
405,@NYTimes,Wed Sep 26 18:24:05 +0000 2018,"Kiah Morris has resigned from her seat in Vermont's House of Representatives, describing a campaign of racially mot‚Ä¶ https://t.co/azQxfa92hQ",-0.25,0.0,0.895,0.105,6
406,@NYTimes,Wed Sep 26 18:08:07 +0000 2018,The Fed raised rates for the third time in 2018 and signaled it would do so again as it moves to restore them to pr‚Ä¶ https://t.co/9tBTmSckqE,0.296,0.081,0.919,0.0,7
407,@NYTimes,Wed Sep 26 18:04:16 +0000 2018,RT @dealbook: Our reporter writes that companies have kept most of the benefits of economic growth in recent years in the form of higher pr‚Ä¶,0.6666,0.192,0.808,0.0,8
408,@NYTimes,Wed Sep 26 17:49:06 +0000 2018,Syrian refugee Sarah Mardini used her skills as a swimmer to rescue fellow refugees when their boat began to sink.‚Ä¶ https://t.co/6lleIxQ4Gz,0.5106,0.148,0.852,0.0,9
409,@NYTimes,Wed Sep 26 17:34:10 +0000 2018,"Malaria's days may be numbered, thanks to a gene-engineering technique that renders female mosquitoes infertile and‚Ä¶ https://t.co/n8AnzPBX3N",0.4404,0.162,0.838,0.0,10
410,@NYTimes,Wed Sep 26 17:29:36 +0000 2018,Dr. Christine Blasey Ford said she was about 15 when Judge Brett Kavanaugh sexually assaulted her during a high sch‚Ä¶ https://t.co/lp2n9ymLAE,-0.5267,0.0,0.848,0.152,11
411,@NYTimes,Wed Sep 26 17:18:05 +0000 2018,"""Just keep asking those questions, listening to the answers and being as genuine as possible. Yes, it‚Äôs that easy.""  https://t.co/FioCrKcT23",0.4019,0.124,0.876,0.0,12
412,@NYTimes,Wed Sep 26 17:16:05 +0000 2018,"Deborah Ramirez was a cheerleader her freshman year at Yale, played sports and served on her residential college‚Äôs‚Ä¶ https://t.co/5uMdCat31O",0.5106,0.212,0.788,0.0,13
413,@NYTimes,Wed Sep 26 17:07:18 +0000 2018,"In a statement posted on Twitter by her lawyer, a third woman, Julie Swetnick, says she observed Brett Kavanaugh in‚Ä¶ https://t.co/RVGLWNJz4T",0.0,0.0,1.0,0.0,14
414,@NYTimes,Wed Sep 26 17:00:13 +0000 2018,"These Scottish villages built 5,000 years ago have remarkably remained intact. Humanity‚Äôs own fossils. Now, they fa‚Ä¶ https://t.co/5rxkhw6MDs",0.2682,0.109,0.891,0.0,15
415,@NYTimes,Wed Sep 26 16:45:31 +0000 2018,"Breaking News: Brett Kavanaugh plans to tell the Senate he ""was not perfect"" in high school and continue to deny se‚Ä¶ https://t.co/WpCHSHrEJg",-0.6595,0.0,0.787,0.213,16
416,@NYTimes,Wed Sep 26 16:36:57 +0000 2018,Review: The new ‚ÄúMurphy Brown‚Äù wants the kind of laughs audiences award like merit badges for validating their beli‚Ä¶ https://t.co/OHIty8zOjs,0.9202,0.485,0.515,0.0,17
417,@NYTimes,Wed Sep 26 16:24:57 +0000 2018,"""Here is the terrible beauty of being in love: that you will know things together that no one else will know, that‚Ä¶ https://t.co/WHdLHQsMH0",0.5719,0.248,0.588,0.164,18
418,@NYTimes,Wed Sep 26 16:06:07 +0000 2018,"Women and children are paying a heavy price as Afghanistan increases its use of airpower to fight insurgents, makin‚Ä¶ https://t.co/LveGrBPREJ",-0.3818,0.0,0.874,0.126,19
419,@NYTimes,Wed Sep 26 15:50:06 +0000 2018,Did Russia interfere in the primaries? What is Putin's end game? @MarkMazzettiNYT and @ScottShaneNYT answer readers‚Ä¶ https://t.co/LazGNrQFq3,0.0,0.0,1.0,0.0,20
420,@NYTimes,Wed Sep 26 15:35:03 +0000 2018,How did a white whale adapted to Arctic waters end up in Britain's busiest river? https://t.co/liGyKM6Vla,0.0,0.0,1.0,0.0,21
421,@NYTimes,Wed Sep 26 15:20:10 +0000 2018,"RT @nytimesbusiness: The decision affects everything from government welfare programs, such as food aid and pensions, to private businesses‚Ä¶",0.0,0.0,1.0,0.0,22
422,@NYTimes,Wed Sep 26 15:16:04 +0000 2018,Florida's Amendment 4 could enfranchise more people at once than any single initiative since women‚Äôs suffrage. It c‚Ä¶ https://t.co/yUgw1lqzza,0.0,0.0,1.0,0.0,23
423,@NYTimes,Wed Sep 26 15:00:12 +0000 2018,"RT @jeligon: ‚ÄúI see black people and immediately I‚Äôm filled with hate,‚Äù a German neo-Nazi told me. Here‚Äôs how my day at a neo-Nazi ‚Äúfamily‚Ä¶",0.0,0.0,1.0,0.0,24
424,@NYTimes,Wed Sep 26 14:45:03 +0000 2018,A new policy from Virginia‚Äôs Department of Corrections that would have required visitors to remove tampons and mens‚Ä¶ https://t.co/RH9iPEdbw3,0.0,0.0,1.0,0.0,25
425,@NYTimes,Wed Sep 26 14:30:12 +0000 2018,"RT @NYTNational: Protesters opposing Judge Brett Kavanaugh confronted Senator Ted Cruz at dinner on Monday, chanting, ‚ÄúWe believe survivors‚Ä¶",-0.4019,0.0,0.821,0.179,26
426,@NYTimes,Wed Sep 26 14:19:06 +0000 2018,Which kinds of foods make us fat? https://t.co/x9V4UdbBRG https://t.co/VXjouueJV0,0.0,0.0,1.0,0.0,27
427,@NYTimes,Wed Sep 26 14:11:04 +0000 2018,An energy company headed by the California billionaire Patrick Soon-Shiong is unveiling a rechargeable battery oper‚Ä¶ https://t.co/Gowbd3xgeT,0.2732,0.123,0.877,0.0,28
428,@NYTimes,Wed Sep 26 14:00:08 +0000 2018,RT @NYTNational: Florida Power &amp; Light had its crews working 16-hour days over the holidays to help restore Puerto Rico's damaged power sys‚Ä¶,0.5574,0.255,0.646,0.099,29
429,@NYTimes,Wed Sep 26 13:46:05 +0000 2018,"RT @amyyqin: The decision to demolish the temple was made after the NYT reported last week on the temple‚Äôs fate, stirring outrage among Tai‚Ä¶",-0.5106,0.0,0.875,0.125,30
430,@NYTimes,Wed Sep 26 13:31:04 +0000 2018,The Environmental Protection Agency placed the head of its Office of Children‚Äôs Health Protection on administrative‚Ä¶ https://t.co/ZH1EostY5A,0.0,0.0,1.0,0.0,31
431,@NYTimes,Wed Sep 26 13:16:05 +0000 2018,"President Trump has often complained in speeches that ""the world is laughing at us."" On Tuesday, his fears became r‚Ä¶ https://t.co/kXpRlSFQ0n",-0.3182,0.12,0.674,0.206,32
432,@NYTimes,Wed Sep 26 13:00:15 +0000 2018,Morning¬†Briefing: Here's what you need to know to start your day https://t.co/7QLasWbDdz https://t.co/9iUByYv0RU,0.0,0.0,1.0,0.0,33
433,@NYTimes,Wed Sep 26 12:45:03 +0000 2018,"In his UN speech, President Trump made inaccurate or misleading claims about his own record, ISIS, the war in Yemen‚Ä¶ https://t.co/S06fDNGwMT",-0.765,0.0,0.742,0.258,34
434,@NYTimes,Wed Sep 26 12:30:09 +0000 2018,"The Senate Judiciary Committee's Republican leadership chose Rachel Mitchell, a prosecutor specializing in sex crim‚Ä¶ https://t.co/Zvtws4teCq",0.0,0.0,1.0,0.0,35
435,@NYTimes,Wed Sep 26 12:14:02 +0000 2018,"Off the north coast of Scotland, 5,000-year-old villages hold a trove of things from everyday life before history w‚Ä¶ https://t.co/2NMKlU9RJX",0.0,0.0,1.0,0.0,36
436,@NYTimes,Wed Sep 26 12:00:14 +0000 2018,"Your daily @DealBook Briefing:

‚Ä¢ Trump takes on the world, and it pushes back.¬†

‚Ä¢ Barclays pins its future on inv‚Ä¶ https://t.co/xALn4Larut",0.0,0.0,1.0,0.0,37
437,@NYTimes,Wed Sep 26 11:44:03 +0000 2018,President Trump will lead a UN Security Council meeting on nonproliferation today. Follow here for live updates. https://t.co/oPWytmM0ol,0.34,0.13,0.87,0.0,38
438,@NYTimes,Wed Sep 26 11:32:05 +0000 2018,"RT @nytpolitics: Orrin Hatch, a Mormon and a member of the Senate Judiciary Committee, called the second allegation against Brett Kavanaugh‚Ä¶",0.0,0.0,1.0,0.0,39
439,@NYTimes,Wed Sep 26 11:16:03 +0000 2018,Anita Hill testified against Judge Clarence Thomas during his confirmation hearings in 1991. What has changed since? https://t.co/ln9dErp7NL,0.0,0.0,1.0,0.0,40
440,@NYTimes,Wed Sep 26 11:00:03 +0000 2018,"By the end of the day, there was no escaping it. The laughter eclipsed President Trump's criticism of the ""corrupt‚Ä¶ https://t.co/h0mbVm0zQb",-0.1779,0.166,0.642,0.192,41
441,@NYTimes,Wed Sep 26 10:45:04 +0000 2018,"""The rape is etched into my soul,"" said Janice Dickinson, who testified that Bill Cosby drugged and sexually assaul‚Ä¶ https://t.co/qxCUguaXef",-0.6908,0.0,0.802,0.198,42
442,@NYTimes,Wed Sep 26 10:32:03 +0000 2018,"""I spotted a man wearing a Confederate battle flag T-shirt. Why the flag, I asked. 'That‚Äôs to show our solidarity w‚Ä¶ https://t.co/RnuktutgcQ",-0.1027,0.101,0.78,0.119,43
443,@NYTimes,Wed Sep 26 10:15:03 +0000 2018,A satirical skit in Sweden depicted Chinese travelers as people who eat dogs and need to be told not to defecate in‚Ä¶ https://t.co/fTo2aYf8ve,0.0,0.0,1.0,0.0,44
444,@NYTimes,Wed Sep 26 10:04:06 +0000 2018,Morning¬†Briefing: Here's what you need to know to start your day https://t.co/FQkpWFtbAx https://t.co/OVJw6cTiwo,0.0,0.0,1.0,0.0,45
445,@NYTimes,Wed Sep 26 09:44:04 +0000 2018,"A contractor who was hired to expand a Buddhist temple in Taiwan wound up taking over the site, evicting the nuns a‚Ä¶ https://t.co/LxechGs7TZ",0.3182,0.103,0.897,0.0,46
446,@NYTimes,Wed Sep 26 09:30:08 +0000 2018,"RT @nytimesworld: The Mexican federal and state police, backed by the army, took over security in Acapulco, responding to suspicions that t‚Ä¶",0.0,0.14,0.76,0.1,47
447,@NYTimes,Wed Sep 26 09:15:07 +0000 2018,"""Heritage is falling into the sea."" Citizens and scientists on Scotland's Orkney Islands are racing to protect thou‚Ä¶ https://t.co/ctCmmLVZ7i",0.25,0.123,0.802,0.075,48
448,@NYTimes,Wed Sep 26 09:00:05 +0000 2018,Britain's Labour Party believes that voters will trust a left-wing agenda to redress some of the failings of a deca‚Ä¶ https://t.co/GKO7uvIapw,0.4215,0.238,0.635,0.127,49
449,@NYTimes,Wed Sep 26 08:45:01 +0000 2018,The Instagram founders thought Facebook‚Äôs increasing interest in shaping Instagram‚Äôs product direction and growth w‚Ä¶ https://t.co/K37P8KEtE4,0.6808,0.286,0.714,0.0,50
450,@NYTimes,Wed Sep 26 08:30:06 +0000 2018,"It all seems like a dream, our Summer of ‚Äô18 https://t.co/OYs9ubwnJU",0.5423,0.36,0.64,0.0,51
451,@NYTimes,Wed Sep 26 08:15:03 +0000 2018,"The federal and state police, backed by the Mexican Army, took over security in the Pacific Coast city of Acapulco https://t.co/OFCZCP99hX",0.3612,0.156,0.844,0.0,52
452,@NYTimes,Wed Sep 26 08:00:04 +0000 2018,"Here's what we know about Rachel Mitchell, the prosecutor chosen to question Christine Blasey Ford, Judge Brett Kav‚Ä¶ https://t.co/tTf1zRnAmP",0.0,0.0,1.0,0.0,53
453,@NYTimes,Wed Sep 26 07:45:07 +0000 2018,"China rejected a request by an American warship to make a port visit to Hong Kong, as tensions between the two coun‚Ä¶ https://t.co/SeWeCBXRr6",-0.7717,0.0,0.7,0.3,54
454,@NYTimes,Wed Sep 26 07:30:06 +0000 2018,"Cody Wilson, a leading proponent of 3-D printed guns, stepped down as director of his company after he was charged‚Ä¶ https://t.co/98kEYpeHls",0.0,0.0,1.0,0.0,55
455,@NYTimes,Wed Sep 26 07:25:08 +0000 2018,RT @EricLiptonNYT: JUST POSTED:  E.P.A. Places the Head of Its Office of Children‚Äôs Health on Leave by @CoralMDavenport @RoniNYTimes https:‚Ä¶,-0.0516,0.0,0.941,0.059,56
456,@NYTimes,Wed Sep 26 07:15:07 +0000 2018,Qualcomm accused Apple of stealing proprietary software and sharing it with the rival chip maker Intel as part of a‚Ä¶ https://t.co/3RSozRRfCE,-0.4767,0.105,0.674,0.221,57
457,@NYTimes,Wed Sep 26 07:01:39 +0000 2018,"The decision affects everything from government welfare programs, such as food aid and pensions, to private busines‚Ä¶ https://t.co/nGdEkR3319",0.0,0.0,1.0,0.0,58
458,@NYTimes,Wed Sep 26 07:00:05 +0000 2018,"India‚Äôs Supreme Court put new limits on the country‚Äôs sweeping national ID system, called Aadhaar, but said the pro‚Ä¶ https://t.co/8lDy87lxyv",0.3182,0.108,0.892,0.0,59
459,@NYTimes,Wed Sep 26 06:45:06 +0000 2018,"The convent of San Marco in Florence, Italy, is set to close at the end of the month, ending nearly 600 years of Do‚Ä¶ https://t.co/fllVNZgoJ0",0.0,0.0,1.0,0.0,60
460,@NYTimes,Wed Sep 26 06:30:07 +0000 2018,"Defying the discrimination he experienced as a mixed-race child, Denny Tamaki, the son of a U.S. Marine and a Japan‚Ä¶ https://t.co/A4r4tJtAsd",0.0,0.0,1.0,0.0,61
461,@NYTimes,Wed Sep 26 06:15:04 +0000 2018,"‚ÄúOfficially, this now shows that we no longer have democracy,‚Äù Antonio Trillanes, an opposition senator in the Phil‚Ä¶ https://t.co/NxwQRC8S1E",-0.296,0.0,0.891,0.109,62
462,@NYTimes,Wed Sep 26 06:04:22 +0000 2018,"The contestant approached the man she had been publicly courting on live television, and confessed that the object‚Ä¶ https://t.co/euBBbdm1Be",0.0,0.0,1.0,0.0,63
463,@NYTimes,Wed Sep 26 05:45:05 +0000 2018,Nghia Pho took highly classified documents home to get extra work done at night and on weekends in an effort to imp‚Ä¶ https://t.co/AsI7aKbD3n,0.0,0.0,1.0,0.0,64
464,@NYTimes,Wed Sep 26 05:30:02 +0000 2018,"Haidilao ‚Äî which woos its customers with shoe-shining services, board games and manicures ‚Äî is China‚Äôs most popular‚Ä¶ https://t.co/v60alBywJE",0.0,0.0,1.0,0.0,65
465,@NYTimes,Wed Sep 26 05:15:06 +0000 2018,"""The laughter was supposed to have stopped when Trump took the presidency,"" writes @mschwirtz. ""But the world, it s‚Ä¶ https://t.co/QWHBZJFwxA",0.3182,0.139,0.779,0.082,66
466,@NYTimes,Wed Sep 26 05:00:12 +0000 2018,When Brett Kavanaugh and Christine Blasey Ford present their vastly different recollections to the Senate on Thursd‚Ä¶ https://t.co/6hSOMxDnPF,0.0,0.0,1.0,0.0,67
467,@NYTimes,Wed Sep 26 04:47:00 +0000 2018,"RT @NYTObits: Freddie Oversteegen was only 14, petite with long braids, when she became an assassin and saboteur https://t.co/hNGdfMWbGS",0.0,0.0,1.0,0.0,68
468,@NYTimes,Wed Sep 26 04:32:05 +0000 2018,"‚ÄúThey persecuted Jesus, and look what happened,‚Äù Bill Cosby‚Äôs publicist said. ‚ÄúNot saying Mr. Cosby is Jesus, but w‚Ä¶ https://t.co/JJVzqarBug",-0.1655,0.0,0.92,0.08,69
469,@NYTimes,Wed Sep 26 04:23:17 +0000 2018,"RT @ScottShaneNYT: From a purely human standpoint, it was a sad scene in court today. One of a rash of leaks from NSA. https://t.co/CEvwrxS‚Ä¶",-0.7003,0.0,0.766,0.234,70
470,@NYTimes,Wed Sep 26 04:17:04 +0000 2018,RT @nytopinion: Legal immigrants could lose their chance to become a success story https://t.co/y3gUIAJRev,0.5423,0.381,0.476,0.143,71
471,@NYTimes,Wed Sep 26 04:02:06 +0000 2018,The grizzlies of Yellowstone National Park had their protections restored under the Endangered Species Act https://t.co/QYv7v77hH8,0.34,0.138,0.862,0.0,72
472,@NYTimes,Wed Sep 26 03:51:01 +0000 2018,"RT @melbournecoal: ""He has said, 'What about the presumption of innocence?' That is something that‚Äôs applied in a criminal context. This is‚Ä¶",-0.5267,0.0,0.855,0.145,73
473,@NYTimes,Wed Sep 26 03:47:03 +0000 2018,The Getty is strengthening its collection of African-American art history resources. Its first acquisition? The pap‚Ä¶ https://t.co/04inKOfFfR,0.4939,0.167,0.833,0.0,74
474,@NYTimes,Wed Sep 26 03:42:03 +0000 2018,"CBS Corporation named Richard Parsons, a longtime business and media executive, as interim chairman of the board of‚Ä¶ https://t.co/ukFqnMnOoa",0.0,0.0,1.0,0.0,75
475,@NYTimes,Wed Sep 26 03:32:02 +0000 2018,‚ÄúWe want to engage and empower people so that they see themselves not just as a number but as a viable character in‚Ä¶ https://t.co/d2IAdArpxv,0.1874,0.124,0.827,0.048,76
476,@NYTimes,Wed Sep 26 03:11:02 +0000 2018,RT @peterbakernyt: Trump privately expressed concern that Kavanaugh was too weak in his Fox interview and needs to be more forceful and ind‚Ä¶,-0.4404,0.0,0.884,0.116,77
477,@NYTimes,Wed Sep 26 03:02:04 +0000 2018,"Tom Steyer, the billionaire investor and Democratic activist, has directed his political operation to spend more th‚Ä¶ https://t.co/9nPMMWDq1E",0.0,0.0,1.0,0.0,78
478,@NYTimes,Wed Sep 26 02:47:02 +0000 2018,Dunkin‚Äô Donuts is removing ‚Äúdonuts‚Äù from its name starting next year https://t.co/yf0ky6CP7m,0.0,0.0,1.0,0.0,79
479,@NYTimes,Wed Sep 26 02:33:03 +0000 2018,"Senator Mazie Hirono of Hawaii: ""This whole idea that the Republicans have, that women just sit around making these‚Ä¶ https://t.co/1SLJGS7e9b",0.0,0.0,1.0,0.0,80
480,@NYTimes,Wed Sep 26 02:26:03 +0000 2018,A U.S. Army reservist from China was arrested on allegations of secretly providing information about American defen‚Ä¶ https://t.co/PN760v4jEg,-0.4767,0.0,0.838,0.162,81
481,@NYTimes,Wed Sep 26 02:18:00 +0000 2018,"RT @mmcintire: NEW: ‚ÄúShe was bright eyed and guileless, compared to the sophisticated and often aggressive population you find at Yale. The‚Ä¶",0.7096,0.24,0.701,0.059,82
482,@NYTimes,Wed Sep 26 02:08:06 +0000 2018,"Violent crime in the U.S. decreased slightly in 2017, after a troubling rise the previous 2 years that became a maj‚Ä¶ https://t.co/vHHsyB6lH6",-0.8979,0.0,0.595,0.405,83
483,@NYTimes,Wed Sep 26 01:58:03 +0000 2018,RT @rpogrebin: ‚ÄòShe was very innocent coming into college. I felt an obligation early in freshman year to protect her.‚Äô Our deep dive into‚Ä¶,0.6478,0.201,0.799,0.0,84
484,@NYTimes,Wed Sep 26 01:47:02 +0000 2018,Brett Kavanaugh and the second woman to accuse him of misconduct came to Yale from different worlds that converged‚Ä¶ https://t.co/B9KHguKcyJ,-0.2023,0.0,0.913,0.087,85
485,@NYTimes,Wed Sep 26 01:38:30 +0000 2018,Drivers were rescued from vehicles stuck on roadways turned into rivers. It was a day of heavy rain and flooding ac‚Ä¶ https://t.co/SgzNeeMzkT,0.2023,0.118,0.798,0.084,86
486,@NYTimes,Wed Sep 26 01:32:04 +0000 2018,"RT @MarkLandler: The laughter at Trump‚Äôs UN speech underscores a hard reality for him: After 20 months of bombast, he‚Äôs now viewed by many‚Ä¶",0.4215,0.125,0.82,0.055,87
487,@NYTimes,Wed Sep 26 01:17:01 +0000 2018,"Delta Air Lines said it was experiencing a ‚Äútechnology issue‚Äù with some of its computer tracking systems, forcing o‚Ä¶ https://t.co/zdYs05GE9J",0.0,0.0,1.0,0.0,88
488,@NYTimes,Wed Sep 26 01:02:05 +0000 2018,Evening Briefing: Here's what you need to know at the end of the day https://t.co/ebPzOjBonx,0.0,0.0,1.0,0.0,89
489,@NYTimes,Wed Sep 26 00:47:03 +0000 2018,Officials in Virginia suspended a new policy that would have required visitors to remove tampons and menstrual cups‚Ä¶ https://t.co/2hJvIGUYzg,-0.4767,0.0,0.846,0.154,90
490,@NYTimes,Wed Sep 26 00:32:05 +0000 2018,"So far, Patches is doing well with her custom made titanium skull https://t.co/FOTRlVjoqY",0.2732,0.149,0.851,0.0,91
491,@NYTimes,Wed Sep 26 00:17:06 +0000 2018,RT @nytopinion: .@gailcollins: Nobody deserves a lifetime Supreme Court nomination. This isn‚Äôt like the right to buy a home or to be employ‚Ä¶,0.7269,0.243,0.757,0.0,92
492,@NYTimes,Wed Sep 26 00:02:02 +0000 2018,Cory Booker is not running for anything right now. But he's still a relentless presence on the campaign trail. https://t.co/PSJ0biMT5K,0.0516,0.062,0.938,0.0,93
493,@NYTimes,Tue Sep 25 23:47:06 +0000 2018,"""We may never know the full extent of his double life as a sexual predator but his decades-long reign of terror as‚Ä¶ https://t.co/LekvgfVJQu",-0.6808,0.0,0.82,0.18,94
494,@NYTimes,Tue Sep 25 23:32:06 +0000 2018,California Gov. Jerry Brown is not exactly optimistic about the future. ‚ÄúWe are sleepwalking in a very dangerous er‚Ä¶ https://t.co/ZeFhi7WqL3,-0.6548,0.0,0.76,0.24,95
495,@NYTimes,Tue Sep 25 23:17:05 +0000 2018,"RT @tackettdc: ‚ÄúTom Steyer, the billionaire investor and Democratic activist, has directed his political operation to spend more than $5 mi‚Ä¶",0.0,0.0,1.0,0.0,96
496,@NYTimes,Tue Sep 25 23:02:06 +0000 2018,One of the strongest reactions to the Bill Cosby sentence came from Janice Dickinson: ‚ÄúThe rape is etched into my s‚Ä¶ https://t.co/uUmxKLU2hY,-0.3612,0.151,0.681,0.168,97
497,@NYTimes,Tue Sep 25 22:47:05 +0000 2018,Evening Briefing: Here's what you need to know at the end of the day https://t.co/Ut79UsGVbR,0.0,0.0,1.0,0.0,98
498,@NYTimes,Tue Sep 25 22:32:06 +0000 2018,"USAReally looks like any other fledgling news organization, but some security experts think it may be part of a new‚Ä¶ https://t.co/fy0Llodugx",0.5927,0.212,0.788,0.0,99
499,@NYTimes,Tue Sep 25 22:17:03 +0000 2018,RT @nytfood: The weekday cocktail should be easy; @rosieschaap offers some simple strategies https://t.co/W9RWKuyAXt https://t.co/gWrMT4D2nG,0.4404,0.172,0.828,0.0,100
